"Date","T.full","T.missing"
2012-01-01,-2.6,-2.6
2012-01-02,1.3,1.3
2012-01-03,0.8,0.8
2012-01-04,2.3,2.3
2012-01-05,0.7,0.7
2012-01-06,-2.5,-2.5
2012-01-07,-0.7,-0.7
2012-01-08,-2,-2
2012-01-09,-5.3,-5.3
2012-01-10,-5.1,-5.1
2012-01-11,-1.6,-1.6
2012-01-12,0.3,0.3
2012-01-13,2.2,2.2
2012-01-14,2.9,2.9
2012-01-15,0.3,0.3
2012-01-16,-2.3,-2.3
2012-01-17,-3.2,-3.2
2012-01-18,-4,-4
2012-01-19,-3.9,-3.9
2012-01-20,-5.2,-5.2
2012-01-21,-8,-8
2012-01-22,-3.5,-3.5
2012-01-23,-2.2,-2.2
2012-01-24,-4.3,-4.3
2012-01-25,-4.4,NA
2012-01-26,-4.9,-4.9
2012-01-27,-1.7,-1.7
2012-01-28,-1.6,-1.6
2012-01-29,-3.4,-3.4
2012-01-30,-3.7,-3.7
2012-01-31,-4.9,-4.9
2012-02-01,-8.4,-8.4
2012-02-02,-8.2,-8.2
2012-02-03,-10.4,-10.4
2012-02-04,-12.6,-12.6
2012-02-05,-11.7,-11.7
2012-02-06,-4.7,-4.7
2012-02-07,-3.1,-3.1
2012-02-08,-3.7,-3.7
2012-02-09,-4.8,-4.8
2012-02-10,-6.2,-6.2
2012-02-11,-6.2,-6.2
2012-02-12,-7,-7
2012-02-13,-4.7,-4.7
2012-02-14,-4.9,-4.9
2012-02-15,-0.8,-0.8
2012-02-16,1.5,1.5
2012-02-17,-1,-1
2012-02-18,-0.4,-0.4
2012-02-19,2,2
2012-02-20,-1,-1
2012-02-21,0.6,0.6
2012-02-22,2.1,2.1
2012-02-23,4.2,NA
2012-02-24,4.7,4.7
2012-02-25,5.4,5.4
2012-02-26,2.5,2.5
2012-02-27,0.1,0.1
2012-02-28,1.6,1.6
2012-02-29,2.8,2.8
2012-03-01,4,4
2012-03-02,6.2,6.2
2012-03-03,2.6,2.6
2012-03-04,1,NA
2012-03-05,0.1,0.1
2012-03-06,0,0
2012-03-07,0.3,NA
2012-03-08,-0.2,-0.2
2012-03-09,0.7,0.7
2012-03-10,3.4,3.4
2012-03-11,4.3,4.3
2012-03-12,6.8,6.8
2012-03-13,11,NA
2012-03-14,9.3,9.3
2012-03-15,4.2,4.2
2012-03-16,3.1,3.1
2012-03-17,4.3,4.3
2012-03-18,4.2,4.2
2012-03-19,3.6,NA
2012-03-20,4.1,4.1
2012-03-21,9,9
2012-03-22,9,NA
2012-03-23,8.6,8.6
2012-03-24,8.1,8.1
2012-03-25,8.9,8.9
2012-03-26,9.3,NA
2012-03-27,11.2,11.2
2012-03-28,13.6,13.6
2012-03-29,8.6,8.6
2012-03-30,7.2,7.2
2012-03-31,5.7,5.7
2012-04-01,2.9,2.9
2012-04-02,2.7,2.7
2012-04-03,1.1,1.1
2012-04-04,1.4,1.4
2012-04-05,2.3,NA
2012-04-06,4.4,4.4
2012-04-07,0.9,0.9
2012-04-08,1,1
2012-04-09,2.7,2.7
2012-04-10,2.4,2.4
2012-04-11,5.6,5.6
2012-04-12,5.4,5.4
2012-04-13,5.4,5.4
2012-04-14,6.4,6.4
2012-04-15,6,6
2012-04-16,3.5,3.5
2012-04-17,2.9,2.9
2012-04-18,3.2,3.2
2012-04-19,3.8,NA
2012-04-20,7.6,7.6
2012-04-21,4.5,NA
2012-04-22,4.9,4.9
2012-04-23,5.9,5.9
2012-04-24,5.1,5.1
2012-04-25,7.8,7.8
2012-04-26,9.6,9.6
2012-04-27,7.8,7.8
2012-04-28,7.2,7.2
2012-04-29,8.9,8.9
2012-04-30,10.2,10.2
2012-05-01,7.4,7.4
2012-05-02,11.5,11.5
2012-05-03,14.5,14.5
2012-05-04,10.6,10.6
2012-05-05,5.4,5.4
2012-05-06,4.6,4.6
2012-05-07,5.8,NA
2012-05-08,8.2,8.2
2012-05-09,9.5,9.5
2012-05-10,10.4,10.4
2012-05-11,8.6,8.6
2012-05-12,8.3,8.3
2012-05-13,8.7,8.7
2012-05-14,9.3,9.3
2012-05-15,9.2,9.2
2012-05-16,10.7,10.7
2012-05-17,10.2,10.2
2012-05-18,9.2,9.2
2012-05-19,11.1,11.1
2012-05-20,11.4,11.4
2012-05-21,14.7,14.7
2012-05-22,17.1,17.1
2012-05-23,19.4,19.4
2012-05-24,20,20
2012-05-25,21.8,21.8
2012-05-26,23.8,23.8
2012-05-27,20.6,20.6
2012-05-28,19.8,NA
2012-05-29,12.3,12.3
2012-05-30,11.4,11.4
2012-05-31,12.5,12.5
2012-06-01,10.6,10.6
2012-06-02,9.1,9.1
2012-06-03,10.1,10.1
2012-06-04,9.9,9.9
2012-06-05,10.2,10.2
2012-06-06,11.3,11.3
2012-06-07,13,13
2012-06-08,13.9,13.9
2012-06-09,15.9,15.9
2012-06-10,13.4,13.4
2012-06-11,13.7,13.7
2012-06-12,15.4,NA
2012-06-13,13.2,13.2
2012-06-14,12.8,12.8
2012-06-15,11.9,11.9
2012-06-16,11.6,11.6
2012-06-17,13.1,13.1
2012-06-18,14.5,14.5
2012-06-19,13.2,13.2
2012-06-20,15,15
2012-06-21,15.5,15.5
2012-06-22,18.5,18.5
2012-06-23,17.6,17.6
2012-06-24,13.7,13.7
2012-06-25,13.4,13.4
2012-06-26,15.3,15.3
2012-06-27,16.4,NA
2012-06-28,15.3,15.3
2012-06-29,15.3,15.3
2012-06-30,14.3,14.3
2012-07-01,15.4,15.4
2012-07-02,13.4,13.4
2012-07-03,15.3,15.3
2012-07-04,17.1,17.1
2012-07-05,19.1,19.1
2012-07-06,20.8,20.8
2012-07-07,19.7,19.7
2012-07-08,17.2,NA
2012-07-09,18,NA
2012-07-10,16.7,16.7
2012-07-11,16.8,16.8
2012-07-12,14.8,14.8
2012-07-13,14.3,NA
2012-07-14,14.7,14.7
2012-07-15,16.2,16.2
2012-07-16,15.4,15.4
2012-07-17,15.7,15.7
2012-07-18,16.9,16.9
2012-07-19,15.3,15.3
2012-07-20,15,15
2012-07-21,13.1,13.1
2012-07-22,14.7,14.7
2012-07-23,15,15
2012-07-24,16.4,16.4
2012-07-25,18.6,18.6
2012-07-26,17.6,17.6
2012-07-27,18.8,NA
2012-07-28,17.5,17.5
2012-07-29,15.6,15.6
2012-07-30,15.7,NA
2012-07-31,16.2,16.2
2012-08-01,14.9,14.9
2012-08-02,16.6,16.6
2012-08-03,16.1,16.1
2012-08-04,17.4,17.4
2012-08-05,17.4,17.4
2012-08-06,17.1,17.1
2012-08-07,15.3,15.3
2012-08-08,15.1,15.1
2012-08-09,14.4,NA
2012-08-10,15.5,15.5
2012-08-11,15.3,15.3
2012-08-12,17.2,NA
2012-08-13,16.8,16.8
2012-08-14,18,NA
2012-08-15,16.4,16.4
2012-08-16,17.9,17.9
2012-08-17,17.7,17.7
2012-08-18,18.2,18.2
2012-08-19,17.3,17.3
2012-08-20,20.4,20.4
2012-08-21,16.7,16.7
2012-08-22,18.8,18.8
2012-08-23,14.7,14.7
2012-08-24,14.5,14.5
2012-08-25,14.1,14.1
2012-08-26,15.3,15.3
2012-08-27,12.8,NA
2012-08-28,13.4,13.4
2012-08-29,14.2,NA
2012-08-30,15.5,15.5
2012-08-31,15.5,15.5
2012-09-01,14.4,14.4
2012-09-02,15.8,NA
2012-09-03,14.8,14.8
2012-09-04,17.2,17.2
2012-09-05,15.7,NA
2012-09-06,12.5,12.5
2012-09-07,9.1,9.1
2012-09-08,12.2,12.2
2012-09-09,10.9,10.9
2012-09-10,14.1,14.1
2012-09-11,15.2,15.2
2012-09-12,10.8,10.8
2012-09-13,8.1,8.1
2012-09-14,11.7,11.7
2012-09-15,12.3,12.3
2012-09-16,12.7,NA
2012-09-17,13.4,13.4
2012-09-18,11.9,11.9
2012-09-19,9.7,9.7
2012-09-20,8.2,8.2
2012-09-21,6.8,6.8
2012-09-22,8.5,8.5
2012-09-23,8.6,8.6
2012-09-24,7.4,7.4
2012-09-25,9.3,9.3
2012-09-26,7.5,7.5
2012-09-27,8.9,8.9
2012-09-28,9,9
2012-09-29,10.8,10.8
2012-09-30,9,9
2012-10-01,11.3,NA
2012-10-02,12.1,12.1
2012-10-03,11.1,11.1
2012-10-04,9.6,9.6
2012-10-05,8.4,8.4
2012-10-06,5.2,5.2
2012-10-07,5.8,5.8
2012-10-08,9.4,9.4
2012-10-09,6.8,6.8
2012-10-10,4.8,4.8
2012-10-11,5,5
2012-10-12,4.7,4.7
2012-10-13,5.1,5.1
2012-10-14,4.5,4.5
2012-10-15,4.2,4.2
2012-10-16,4.9,4.9
2012-10-17,6,6
2012-10-18,8.3,8.3
2012-10-19,9.6,9.6
2012-10-20,8.2,8.2
2012-10-21,6.5,6.5
2012-10-22,5,5
2012-10-23,3.5,3.5
2012-10-24,1.7,1.7
2012-10-25,2.7,2.7
2012-10-26,1.7,1.7
2012-10-27,2.6,NA
2012-10-28,0.7,NA
2012-10-29,0.4,0.4
2012-10-30,0.3,0.3
2012-10-31,-1.5,-1.5
2012-11-01,3.8,3.8
2012-11-02,5.5,5.5
2012-11-03,5.5,5.5
2012-11-04,4.8,4.8
2012-11-05,4.2,4.2
2012-11-06,0.9,0.9
2012-11-07,-1.6,-1.6
2012-11-08,-0.6,-0.6
2012-11-09,1.2,1.2
2012-11-10,3.9,3.9
2012-11-11,6.9,6.9
2012-11-12,4.5,4.5
2012-11-13,1.2,1.2
2012-11-14,4,4
2012-11-15,7,7
2012-11-16,2.7,2.7
2012-11-17,5.6,5.6
2012-11-18,4.3,4.3
2012-11-19,2.1,2.1
2012-11-20,4.5,4.5
2012-11-21,7.9,7.9
2012-11-22,6.6,NA
2012-11-23,6,6
2012-11-24,6,6
2012-11-25,1.3,1.3
2012-11-26,1.2,1.2
2012-11-27,1.1,NA
2012-11-28,1.3,1.3
2012-11-29,0.4,0.4
2012-11-30,-3.1,-3.1
2012-12-01,-4.4,NA
2012-12-02,-7.2,NA
2012-12-03,-11.3,-11.3
2012-12-04,-12.9,-12.9
2012-12-05,-10.5,-10.5
2012-12-06,-8.6,-8.6
2012-12-07,-8.4,-8.4
2012-12-08,-5.4,-5.4
2012-12-09,-8.2,NA
2012-12-10,-5.3,-5.3
2012-12-11,-6.9,-6.9
2012-12-12,-10.9,-10.9
2012-12-13,-9.8,-9.8
2012-12-14,-5.9,-5.9
2012-12-15,-5.8,-5.8
2012-12-16,-0.3,-0.3
2012-12-17,1.5,1.5
2012-12-18,1,1
2012-12-19,-0.6,-0.6
2012-12-20,-5.3,-5.3
2012-12-21,-9.4,-9.4
2012-12-22,-5.4,-5.4
2012-12-23,-5.4,-5.4
2012-12-24,-4.4,-4.4
2012-12-25,-4.3,-4.3
2012-12-26,-1.8,-1.8
2012-12-27,-1.4,-1.4
2012-12-28,-5.6,NA
2012-12-29,-4.7,-4.7
2012-12-30,2.9,2.9
2012-12-31,2.5,2.5
2013-01-01,3.4,3.4
2013-01-02,-0.8,-0.8
2013-01-03,-2.8,-2.8
2013-01-04,0.7,0.7
2013-01-05,1.1,1.1
2013-01-06,0.1,0.1
2013-01-07,0.3,0.3
2013-01-08,0.4,0.4
2013-01-09,-1.7,-1.7
2013-01-10,-1.2,-1.2
2013-01-11,-1.1,-1.1
2013-01-12,-6.3,-6.3
2013-01-13,-10.7,NA
2013-01-14,-14,-14
2013-01-15,-10.1,NA
2013-01-16,-9.6,-9.6
2013-01-17,-7.7,-7.7
2013-01-18,-6.4,-6.4
2013-01-19,-10.8,-10.8
2013-01-20,-11,-11
2013-01-21,-4.5,-4.5
2013-01-22,-9.1,-9.1
2013-01-23,-13.6,NA
2013-01-24,-11.8,-11.8
2013-01-25,-9.8,-9.8
2013-01-26,-10.1,-10.1
2013-01-27,-3.6,-3.6
2013-01-28,-3,NA
2013-01-29,0.9,0.9
2013-01-30,0.8,NA
2013-01-31,2.6,NA
2013-02-01,-1.3,-1.3
2013-02-02,-6.8,NA
2013-02-03,-5.5,-5.5
2013-02-04,-3.2,-3.2
2013-02-05,-2.9,-2.9
2013-02-06,-2.2,-2.2
2013-02-07,-1,-1
2013-02-08,-3.7,NA
2013-02-09,-6.5,-6.5
2013-02-10,-6.5,-6.5
2013-02-11,-7.5,-7.5
2013-02-12,-5.8,NA
2013-02-13,-4.2,NA
2013-02-14,-3.7,-3.7
2013-02-15,-2.1,NA
2013-02-16,-1.7,-1.7
2013-02-17,-0.4,-0.4
2013-02-18,0,0
2013-02-19,0.2,0.2
2013-02-20,-4.2,NA
2013-02-21,-6.8,-6.8
2013-02-22,-8,-8
2013-02-23,-1,-1
2013-02-24,1,1
2013-02-25,1.8,1.8
2013-02-26,-1.6,-1.6
2013-02-27,-2.6,-2.6
2013-02-28,-3.1,-3.1
2013-03-01,0.9,0.9
2013-03-02,2.9,2.9
2013-03-03,3.6,3.6
2013-03-04,1.8,1.8
2013-03-05,0.4,0.4
2013-03-06,0.1,0.1
2013-03-07,0.8,0.8
2013-03-08,-2,-2
2013-03-09,-1.8,-1.8
2013-03-10,-5.5,-5.5
2013-03-11,-8,-8
2013-03-12,-2.9,-2.9
2013-03-13,-2,-2
2013-03-14,-8.4,-8.4
2013-03-15,-7,-7
2013-03-16,-4,-4
2013-03-17,-1.5,-1.5
2013-03-18,-1.9,-1.9
2013-03-19,-4.3,-4.3
2013-03-20,-6.1,-6.1
2013-03-21,-4.6,-4.6
2013-03-22,-4.1,-4.1
2013-03-23,-6.6,-6.6
2013-03-24,-2.7,-2.7
2013-03-25,-0.1,-0.1
2013-03-26,-0.9,NA
2013-03-27,-0.9,NA
2013-03-28,-1.1,-1.1
2013-03-29,-1.9,-1.9
2013-03-30,0.7,0.7
2013-03-31,-0.5,-0.5
2013-04-01,0.7,0.7
2013-04-02,2.4,NA
2013-04-03,2,2
2013-04-04,2.2,2.2
2013-04-05,5.1,5.1
2013-04-06,2.2,2.2
2013-04-07,1,NA
2013-04-08,1.2,1.2
2013-04-09,1.1,1.1
2013-04-10,1.4,1.4
2013-04-11,1.5,NA
2013-04-12,0.9,NA
2013-04-13,2.8,2.8
2013-04-14,3,3
2013-04-15,4.4,4.4
2013-04-16,5.3,5.3
2013-04-17,5.1,5.1
2013-04-18,8.4,8.4
2013-04-19,6.3,6.3
2013-04-20,4.2,4.2
2013-04-21,5.2,5.2
2013-04-22,4.8,4.8
2013-04-23,6.4,NA
2013-04-24,8.2,NA
2013-04-25,7.4,7.4
2013-04-26,8.1,8.1
2013-04-27,6.6,6.6
2013-04-28,6.2,6.2
2013-04-29,5.3,5.3
2013-04-30,5.7,NA
2013-05-01,7.4,7.4
2013-05-02,6,6
2013-05-03,6.4,6.4
2013-05-04,5.9,5.9
2013-05-05,5.9,5.9
2013-05-06,10.1,10.1
2013-05-07,11.4,11.4
2013-05-08,13.3,13.3
2013-05-09,13.8,13.8
2013-05-10,10.2,10.2
2013-05-11,9.1,9.1
2013-05-12,10.2,10.2
2013-05-13,8.5,8.5
2013-05-14,6.8,NA
2013-05-15,7.6,7.6
2013-05-16,11,11
2013-05-17,16.8,16.8
2013-05-18,18.5,18.5
2013-05-19,20.8,NA
2013-05-20,20.6,20.6
2013-05-21,15.6,15.6
2013-05-22,15,15
2013-05-23,13.1,13.1
2013-05-24,7.6,7.6
2013-05-25,15,15
2013-05-26,17.6,17.6
2013-05-27,18.8,18.8
2013-05-28,13.9,13.9
2013-05-29,16.7,16.7
2013-05-30,17,17
2013-05-31,18.1,18.1
2013-06-01,18.7,18.7
2013-06-02,18.5,18.5
2013-06-03,15.2,15.2
2013-06-04,13.7,13.7
2013-06-05,11.5,11.5
2013-06-06,11.7,11.7
2013-06-07,12,12
2013-06-08,15.4,15.4
2013-06-09,15.9,15.9
2013-06-10,14,14
2013-06-11,15.6,15.6
2013-06-12,15.5,15.5
2013-06-13,13,13
2013-06-14,13.6,13.6
2013-06-15,15.2,NA
2013-06-16,14.4,14.4
2013-06-17,13.1,13.1
2013-06-18,17.2,17.2
2013-06-19,16.9,NA
2013-06-20,16.1,16.1
2013-06-21,17.8,17.8
2013-06-22,18.3,NA
2013-06-23,14.7,14.7
2013-06-24,14.9,14.9
2013-06-25,14.9,NA
2013-06-26,17.7,17.7
2013-06-27,13.7,NA
2013-06-28,14.7,14.7
2013-06-29,14.5,14.5
2013-06-30,13.1,13.1
2013-07-01,15.6,15.6
2013-07-02,15.6,15.6
2013-07-03,14.1,14.1
2013-07-04,14.8,NA
2013-07-05,14.8,14.8
2013-07-06,17.5,17.5
2013-07-07,18,18
2013-07-08,19.8,19.8
2013-07-09,17.4,17.4
2013-07-10,18.1,18.1
2013-07-11,16.8,16.8
2013-07-12,18.9,18.9
2013-07-13,19.5,19.5
2013-07-14,18.1,18.1
2013-07-15,16.8,16.8
2013-07-16,17.7,17.7
2013-07-17,18.1,18.1
2013-07-18,21.1,NA
2013-07-19,21.1,21.1
2013-07-20,19.4,19.4
2013-07-21,21.5,21.5
2013-07-22,22,NA
2013-07-23,18.6,18.6
2013-07-24,19.7,19.7
2013-07-25,21.4,21.4
2013-07-26,21.6,21.6
2013-07-27,21.4,21.4
2013-07-28,19.1,19.1
2013-07-29,19.1,19.1
2013-07-30,18.9,18.9
2013-07-31,15.6,15.6
2013-08-01,14.9,14.9
2013-08-02,19.1,19.1
2013-08-03,19.4,19.4
2013-08-04,17.7,NA
2013-08-05,16.6,16.6
2013-08-06,18.1,18.1
2013-08-07,17,17
2013-08-08,19.9,19.9
2013-08-09,13.9,13.9
2013-08-10,17.3,17.3
2013-08-11,16,16
2013-08-12,16.3,16.3
2013-08-13,13.4,13.4
2013-08-14,14.6,14.6
2013-08-15,15,15
2013-08-16,16.3,16.3
2013-08-17,16.1,16.1
2013-08-18,17.3,17.3
2013-08-19,14,14
2013-08-20,14.9,14.9
2013-08-21,15.4,15.4
2013-08-22,15.2,15.2
2013-08-23,16.2,NA
2013-08-24,16.4,16.4
2013-08-25,17.3,NA
2013-08-26,15.9,15.9
2013-08-27,16.1,16.1
2013-08-28,15.9,15.9
2013-08-29,17.4,NA
2013-08-30,16.3,NA
2013-08-31,15.3,15.3
2013-09-01,12.9,12.9
2013-09-02,13,NA
2013-09-03,14.3,14.3
2013-09-04,17.2,17.2
2013-09-05,16.5,16.5
2013-09-06,16,16
2013-09-07,16.1,16.1
2013-09-08,16.9,16.9
2013-09-09,17.3,17.3
2013-09-10,16.6,16.6
2013-09-11,15.2,15.2
2013-09-12,14,14
2013-09-13,13.8,13.8
2013-09-14,14.1,14.1
2013-09-15,15.2,15.2
2013-09-16,12.9,12.9
2013-09-17,9.4,9.4
2013-09-18,10.5,10.5
2013-09-19,10.3,10.3
2013-09-20,9.4,NA
2013-09-21,9.7,9.7
2013-09-22,11.7,11.7
2013-09-23,11.4,NA
2013-09-24,10.9,10.9
2013-09-25,8.4,8.4
2013-09-26,4.3,4.3
2013-09-27,4.2,4.2
2013-09-28,8.6,8.6
2013-09-29,7.8,7.8
2013-09-30,6.6,6.6
2013-10-01,6.9,6.9
2013-10-02,5.5,5.5
2013-10-03,7.8,7.8
2013-10-04,8.3,8.3
2013-10-05,8.1,8.1
2013-10-06,8.7,8.7
2013-10-07,10.5,10.5
2013-10-08,13.4,13.4
2013-10-09,13.4,13.4
2013-10-10,11,11
2013-10-11,5.8,5.8
2013-10-12,6.2,NA
2013-10-13,7.7,7.7
2013-10-14,10.1,10.1
2013-10-15,6.9,6.9
2013-10-16,5.4,5.4
2013-10-17,6.7,NA
2013-10-18,4.3,4.3
2013-10-19,2.6,2.6
2013-10-20,2.8,2.8
2013-10-21,2.7,2.7
2013-10-22,2.5,2.5
2013-10-23,8.1,8.1
2013-10-24,12.1,12.1
2013-10-25,7.6,NA
2013-10-26,7.5,7.5
2013-10-27,10.1,10.1
2013-10-28,9.8,9.8
2013-10-29,8,8
2013-10-30,7.1,7.1
2013-10-31,4.9,4.9
2013-11-01,6.7,6.7
2013-11-02,5.1,5.1
2013-11-03,4.6,4.6
2013-11-04,7,7
2013-11-05,5.6,5.6
2013-11-06,2.1,2.1
2013-11-07,1.3,1.3
2013-11-08,1.7,1.7
2013-11-09,3.6,3.6
2013-11-10,4.2,4.2
2013-11-11,1.5,1.5
2013-11-12,4.1,NA
2013-11-13,4.7,4.7
2013-11-14,2.7,2.7
2013-11-15,4.8,NA
2013-11-16,6.1,6.1
2013-11-17,9.6,9.6
2013-11-18,2.5,2.5
2013-11-19,5,5
2013-11-20,0.1,0.1
2013-11-21,-1.6,NA
2013-11-22,-3.9,-3.9
2013-11-23,-4.5,-4.5
2013-11-24,-3.4,-3.4
2013-11-25,-0.6,-0.6
2013-11-26,-2.6,-2.6
2013-11-27,-1.3,-1.3
2013-11-28,7.8,7.8
2013-11-29,4.1,4.1
2013-11-30,0.9,0.9
2013-12-01,0.3,0.3
2013-12-02,2.1,2.1
2013-12-03,0.5,0.5
2013-12-04,2.6,2.6
2013-12-05,0.3,0.3
2013-12-06,1.7,1.7
2013-12-07,-0.7,-0.7
2013-12-08,-5.6,-5.6
2013-12-09,-3.7,-3.7
2013-12-10,-2,-2
2013-12-11,0.4,0.4
2013-12-12,-0.9,-0.9
2013-12-13,2.1,2.1
2013-12-14,-0.1,-0.1
2013-12-15,1.3,1.3
2013-12-16,3.7,3.7
2013-12-17,5.7,5.7
2013-12-18,0.8,0.8
2013-12-19,2.2,2.2
2013-12-20,3.8,3.8
2013-12-21,2.2,2.2
2013-12-22,6.6,6.6
2013-12-23,4.2,4.2
2013-12-24,2.7,2.7
2013-12-25,6.4,6.4
2013-12-26,5.2,5.2
2013-12-27,3.5,3.5
2013-12-28,4.4,4.4
2013-12-29,5.9,5.9
2013-12-30,1,NA
2013-12-31,2.1,2.1
2014-01-01,5.3,5.3
2014-01-02,2.9,2.9
2014-01-03,2.6,2.6
2014-01-04,4.9,4.9
2014-01-05,4.7,NA
2014-01-06,3.1,3.1
2014-01-07,3.7,3.7
2014-01-08,6.4,6.4
2014-01-09,3.9,3.9
2014-01-10,0.9,0.9
2014-01-11,0.1,0.1
2014-01-12,-4.9,-4.9
2014-01-13,-10.4,-10.4
2014-01-14,-9.3,-9.3
2014-01-15,-6,-6
2014-01-16,-5.4,-5.4
2014-01-17,-4.4,-4.4
2014-01-18,-6.4,-6.4
2014-01-19,-5.7,-5.7
2014-01-20,-4.4,-4.4
2014-01-21,-5,-5
2014-01-22,-6.5,-6.5
2014-01-23,-7.4,-7.4
2014-01-24,-7.2,-7.2
2014-01-25,-6.1,-6.1
2014-01-26,-5.1,-5.1
2014-01-27,-5.9,-5.9
2014-01-28,-2.5,-2.5
2014-01-29,-1.3,NA
2014-01-30,-4.6,-4.6
2014-01-31,-4.7,-4.7
2014-02-01,-4.1,NA
2014-02-02,-1.7,-1.7
2014-02-03,2.3,2.3
2014-02-04,2.3,2.3
2014-02-05,0.8,0.8
2014-02-06,0.3,NA
2014-02-07,1,1
2014-02-08,1.5,1.5
2014-02-09,1.5,1.5
2014-02-10,2.6,2.6
2014-02-11,3,3
2014-02-12,2,2
2014-02-13,2,2
2014-02-14,1.7,1.7
2014-02-15,2.8,2.8
2014-02-16,3,3
2014-02-17,1.7,1.7
2014-02-18,1.1,1.1
2014-02-19,-0.4,-0.4
2014-02-20,-1.1,-1.1
2014-02-21,-0.5,-0.5
2014-02-22,1.3,1.3
2014-02-23,3.1,3.1
2014-02-24,5.1,5.1
2014-02-25,5.1,5.1
2014-02-26,4.1,4.1
2014-02-27,2.9,2.9
2014-02-28,3.8,3.8
2014-03-01,2.5,2.5
2014-03-02,1.8,1.8
2014-03-03,1.6,1.6
2014-03-04,2.4,2.4
2014-03-05,2.7,2.7
2014-03-06,3.1,3.1
2014-03-07,4.9,4.9
2014-03-08,4.4,4.4
2014-03-09,5.7,5.7
2014-03-10,5.6,5.6
2014-03-11,4.6,4.6
2014-03-12,4.7,4.7
2014-03-13,3.4,3.4
2014-03-14,3.6,3.6
2014-03-15,4.6,4.6
2014-03-16,4.7,NA
2014-03-17,2.6,2.6
2014-03-18,3,3
2014-03-19,3.2,3.2
2014-03-20,0.3,0.3
2014-03-21,5.4,5.4
2014-03-22,5.8,5.8
2014-03-23,3.3,3.3
2014-03-24,4,4
2014-03-25,4.4,NA
2014-03-26,5.6,5.6
2014-03-27,3.8,3.8
2014-03-28,6.8,NA
2014-03-29,7.1,7.1
2014-03-30,7.3,7.3
2014-03-31,8.5,NA
2014-04-01,5.1,NA
2014-04-02,4.1,4.1
2014-04-03,4.6,4.6
2014-04-04,5.6,5.6
2014-04-05,4.6,4.6
2014-04-06,2.1,2.1
2014-04-07,6.6,6.6
2014-04-08,8.9,8.9
2014-04-09,4.8,4.8
2014-04-10,2.9,2.9
2014-04-11,3.9,3.9
2014-04-12,5.9,5.9
2014-04-13,5.1,5.1
2014-04-14,6.6,NA
2014-04-15,7.5,NA
2014-04-16,5.5,5.5
2014-04-17,7.5,7.5
2014-04-18,5.7,5.7
2014-04-19,6.6,NA
2014-04-20,8.6,NA
2014-04-21,11.9,11.9
2014-04-22,14.8,14.8
2014-04-23,14.7,14.7
2014-04-24,10.1,10.1
2014-04-25,7.9,7.9
2014-04-26,10.4,10.4
2014-04-27,13.3,13.3
2014-04-28,14.4,14.4
2014-04-29,14.1,14.1
2014-04-30,7,7
2014-05-01,5.6,5.6
2014-05-02,6.5,6.5
2014-05-03,7.7,7.7
2014-05-04,6.8,6.8
2014-05-05,7,7
2014-05-06,7.7,7.7
2014-05-07,6,6
2014-05-08,3.3,3.3
2014-05-09,4.8,4.8
2014-05-10,6.4,NA
2014-05-11,9.5,9.5
2014-05-12,9.5,9.5
2014-05-13,9.1,9.1
2014-05-14,9.8,9.8
2014-05-15,9.5,NA
2014-05-16,10.7,NA
2014-05-17,14,14
2014-05-18,14.5,14.5
2014-05-19,16.9,16.9
2014-05-20,16.4,16.4
2014-05-21,15.4,15.4
2014-05-22,16.6,NA
2014-05-23,20.2,20.2
2014-05-24,19.6,19.6
2014-05-25,17.9,17.9
2014-05-26,14.4,14.4
2014-05-27,16.5,16.5
2014-05-28,12.1,12.1
2014-05-29,13.5,13.5
2014-05-30,18.1,18.1
2014-05-31,18.9,18.9
2014-06-01,16.7,16.7
2014-06-02,17.3,17.3
2014-06-03,19.1,19.1
2014-06-04,18.1,18.1
2014-06-05,14.8,14.8
2014-06-06,14.9,14.9
2014-06-07,15.4,15.4
2014-06-08,16.1,16.1
2014-06-09,18.3,18.3
2014-06-10,20.5,20.5
2014-06-11,21.4,21.4
2014-06-12,19.5,19.5
2014-06-13,16.7,16.7
2014-06-14,14.5,14.5
2014-06-15,16.7,16.7
2014-06-16,18.1,18.1
2014-06-17,14.7,14.7
2014-06-18,16.2,16.2
2014-06-19,20,20
2014-06-20,13.8,NA
2014-06-21,12.1,12.1
2014-06-22,12.6,12.6
2014-06-23,13.1,13.1
2014-06-24,13.8,13.8
2014-06-25,15.8,15.8
2014-06-26,15.7,15.7
2014-06-27,12.4,12.4
2014-06-28,12.3,12.3
2014-06-29,11.4,11.4
2014-06-30,13.5,13.5
2014-07-01,14,NA
2014-07-02,14.5,14.5
2014-07-03,17.6,17.6
2014-07-04,16.4,16.4
2014-07-05,17.3,17.3
2014-07-06,21.5,21.5
2014-07-07,20.1,20.1
2014-07-08,18.3,18.3
2014-07-09,22.2,22.2
2014-07-10,24.7,24.7
2014-07-11,23.6,23.6
2014-07-12,23.2,23.2
2014-07-13,20.8,20.8
2014-07-14,19.9,19.9
2014-07-15,18.8,18.8
2014-07-16,17.9,17.9
2014-07-17,20.3,NA
2014-07-18,16.4,16.4
2014-07-19,19.5,19.5
2014-07-20,21.4,21.4
2014-07-21,21.8,21.8
2014-07-22,24.1,24.1
2014-07-23,23.7,23.7
2014-07-24,25.8,25.8
2014-07-25,24.5,24.5
2014-07-26,25.6,25.6
2014-07-27,23.8,23.8
2014-07-28,19.7,19.7
2014-07-29,22.4,22.4
2014-07-30,21.9,21.9
2014-07-31,20.3,20.3
2014-08-01,19.1,19.1
2014-08-02,19.6,19.6
2014-08-03,20.5,20.5
2014-08-04,19.9,19.9
2014-08-05,19.4,19.4
2014-08-06,17.7,17.7
2014-08-07,19,19
2014-08-08,19.6,NA
2014-08-09,19.4,NA
2014-08-10,18.3,18.3
2014-08-11,18,18
2014-08-12,15,15
2014-08-13,14.5,14.5
2014-08-14,14.5,14.5
2014-08-15,13.8,13.8
2014-08-16,15.8,15.8
2014-08-17,15.1,15.1
2014-08-18,13.8,13.8
2014-08-19,12.7,12.7
2014-08-20,13.8,13.8
2014-08-21,13.4,13.4
2014-08-22,14.4,14.4
2014-08-23,13.6,13.6
2014-08-24,12.7,12.7
2014-08-25,13.2,13.2
2014-08-26,12.9,12.9
2014-08-27,14.9,14.9
2014-08-28,16.1,16.1
2014-08-29,15.9,15.9
2014-08-30,16,16
2014-08-31,13.1,13.1
2014-09-01,12.6,12.6
2014-09-02,14.3,14.3
2014-09-03,16.9,16.9
2014-09-04,16.7,NA
2014-09-05,16.2,16.2
2014-09-06,14.7,14.7
2014-09-07,17.6,17.6
2014-09-08,16.3,16.3
2014-09-09,14.2,14.2
2014-09-10,14,14
2014-09-11,13.9,13.9
2014-09-12,14.9,14.9
2014-09-13,14,14
2014-09-14,13.9,13.9
2014-09-15,14.1,NA
2014-09-16,14.1,NA
2014-09-17,13.4,13.4
2014-09-18,12.5,12.5
2014-09-19,11.6,11.6
2014-09-20,12.6,12.6
2014-09-21,12.8,12.8
2014-09-22,10.5,10.5
2014-09-23,8.3,8.3
2014-09-24,8.2,8.2
2014-09-25,8.6,8.6
2014-09-26,10.2,10.2
2014-09-27,12.1,12.1
2014-09-28,12.9,12.9
2014-09-29,13.1,13.1
2014-09-30,10.8,10.8
2014-10-01,9.7,9.7
2014-10-02,11,11
2014-10-03,11,11
2014-10-04,12.5,NA
2014-10-05,12.8,NA
2014-10-06,12.6,12.6
2014-10-07,9.2,9.2
2014-10-08,8.2,8.2
2014-10-09,9.1,9.1
2014-10-10,10.5,10.5
2014-10-11,8.8,8.8
2014-10-12,9.9,9.9
2014-10-13,6.7,6.7
2014-10-14,4.8,4.8
2014-10-15,7.2,7.2
2014-10-16,5.6,5.6
2014-10-17,2.3,2.3
2014-10-18,4.3,4.3
2014-10-19,9.8,9.8
2014-10-20,11.4,11.4
2014-10-21,10.5,10.5
2014-10-22,8.6,8.6
2014-10-23,4.5,4.5
2014-10-24,8.9,8.9
2014-10-25,11.7,11.7
2014-10-26,10.5,10.5
2014-10-27,12,12
2014-10-28,13.6,13.6
2014-10-29,12.5,12.5
2014-10-30,5.5,5.5
2014-10-31,3.7,3.7
2014-11-01,4.2,4.2
2014-11-02,9,9
2014-11-03,10.9,10.9
2014-11-04,8.5,8.5
2014-11-05,5.1,5.1
2014-11-06,2.1,2.1
2014-11-07,-0.2,-0.2
2014-11-08,0.9,0.9
2014-11-09,7.1,7.1
2014-11-10,8.7,NA
2014-11-11,7.7,7.7
2014-11-12,6.4,6.4
2014-11-13,6,6
2014-11-14,5,5
2014-11-15,6,6
2014-11-16,5.4,5.4
2014-11-17,4.5,4.5
2014-11-18,3.5,3.5
2014-11-19,3.9,NA
2014-11-20,3,NA
2014-11-21,1.9,1.9
2014-11-22,2.3,2.3
2014-11-23,2.4,NA
2014-11-24,5.3,5.3
2014-11-25,3.3,3.3
2014-11-26,0.8,0.8
2014-11-27,-1.2,-1.2
2014-11-28,-0.4,-0.4
2014-11-29,1,1
2014-11-30,0.6,0.6
2014-12-01,0.7,0.7
2014-12-02,-0.5,-0.5
2014-12-03,-0.4,-0.4
2014-12-04,-1.8,-1.8
2014-12-05,1.3,1.3
2014-12-06,0.4,NA
2014-12-07,-0.4,-0.4
2014-12-08,2.7,2.7
2014-12-09,-1.6,-1.6
2014-12-10,0.1,0.1
2014-12-11,3.5,3.5
2014-12-12,2.2,2.2
2014-12-13,0.6,0.6
2014-12-14,-2.2,-2.2
2014-12-15,3.7,3.7
2014-12-16,1.6,1.6
2014-12-17,-1.4,-1.4
2014-12-18,-3.4,-3.4
2014-12-19,-0.4,-0.4
2014-12-20,-2.1,-2.1
2014-12-21,-3.6,-3.6
2014-12-22,-0.9,-0.9
2014-12-23,-2.9,NA
2014-12-24,-2.8,-2.8
2014-12-25,-5.5,-5.5
2014-12-26,-11.9,-11.9
2014-12-27,-11,-11
2014-12-28,-11.3,-11.3
2014-12-29,-9.4,-9.4
2014-12-30,-5.7,-5.7
2014-12-31,-3.8,-3.8
2015-01-01,-0.5,-0.5
2015-01-02,4.2,4.2
2015-01-03,4.3,4.3
2015-01-04,1.6,1.6
2015-01-05,-1.7,-1.7
2015-01-06,0.1,0.1
2015-01-07,2.6,2.6
2015-01-08,2.6,2.6
2015-01-09,0.6,0.6
2015-01-10,-2.5,NA
2015-01-11,-0.3,-0.3
2015-01-12,-4.5,NA
2015-01-13,-1.5,-1.5
2015-01-14,0.3,NA
2015-01-15,-2.4,-2.4
2015-01-16,1.8,1.8
2015-01-17,3.1,3.1
2015-01-18,-0.4,-0.4
2015-01-19,-1.1,-1.1
2015-01-20,-2,-2
2015-01-21,-1.2,NA
2015-01-22,-1.5,-1.5
2015-01-23,-6.4,NA
2015-01-24,-4,-4
2015-01-25,-1.4,-1.4
2015-01-26,-2.9,-2.9
2015-01-27,0.4,0.4
2015-01-28,-0.5,-0.5
2015-01-29,1.9,1.9
2015-01-30,0.9,0.9
2015-01-31,-0.1,-0.1
2015-02-01,-0.5,NA
2015-02-02,-2.4,-2.4
2015-02-03,-3.6,-3.6
2015-02-04,-4.4,-4.4
2015-02-05,-7.1,-7.1
2015-02-06,-6.7,-6.7
2015-02-07,-3.9,-3.9
2015-02-08,0.2,0.2
2015-02-09,-0.4,NA
2015-02-10,4.1,4.1
2015-02-11,2.8,2.8
2015-02-12,1.6,1.6
2015-02-13,0.2,0.2
2015-02-14,1.4,NA
2015-02-15,1.4,1.4
2015-02-16,-0.5,-0.5
2015-02-17,-0.3,-0.3
2015-02-18,2.1,2.1
2015-02-19,4.1,4.1
2015-02-20,4.8,4.8
2015-02-21,3,3
2015-02-22,0,0
2015-02-23,0.8,0.8
2015-02-24,1.6,1.6
2015-02-25,2.9,NA
2015-02-26,3.1,3.1
2015-02-27,2.4,2.4
2015-02-28,0.9,0.9
2015-03-01,2.4,2.4
2015-03-02,2.4,2.4
2015-03-03,3.1,3.1
2015-03-04,0.1,0.1
2015-03-05,0.2,0.2
2015-03-06,3.1,3.1
2015-03-07,5.6,5.6
2015-03-08,6,6
2015-03-09,5.4,5.4
2015-03-10,5.4,5.4
2015-03-11,7.8,7.8
2015-03-12,4.7,4.7
2015-03-13,3.3,3.3
2015-03-14,2.2,2.2
2015-03-15,4.4,NA
2015-03-16,5.7,5.7
2015-03-17,5.1,5.1
2015-03-18,5.7,5.7
2015-03-19,3.7,3.7
2015-03-20,2.7,NA
2015-03-21,2.8,2.8
2015-03-22,0.1,NA
2015-03-23,1.6,1.6
2015-03-24,4.8,4.8
2015-03-25,6.2,6.2
2015-03-26,0.3,0.3
2015-03-27,0.8,NA
2015-03-28,2.2,NA
2015-03-29,3.1,3.1
2015-03-30,3.9,3.9
2015-03-31,2.6,2.6
2015-04-01,2.9,2.9
2015-04-02,4.6,4.6
2015-04-03,4.5,4.5
2015-04-04,4.6,4.6
2015-04-05,3.3,3.3
2015-04-06,4.2,4.2
2015-04-07,5.7,5.7
2015-04-08,10.5,10.5
2015-04-09,7.3,7.3
2015-04-10,8.7,NA
2015-04-11,8,8
2015-04-12,6.2,6.2
2015-04-13,6.2,6.2
2015-04-14,5.6,5.6
2015-04-15,3.5,3.5
2015-04-16,5.8,5.8
2015-04-17,7.7,7.7
2015-04-18,7.4,7.4
2015-04-19,8.3,8.3
2015-04-20,11.6,11.6
2015-04-21,15.1,NA
2015-04-22,11.3,11.3
2015-04-23,12.9,12.9
2015-04-24,8.6,8.6
2015-04-25,7.5,NA
2015-04-26,6.3,6.3
2015-04-27,5.8,5.8
2015-04-28,5.5,5.5
2015-04-29,6.2,6.2
2015-04-30,6.3,6.3
2015-05-01,6.5,NA
2015-05-02,7.4,7.4
2015-05-03,7.5,NA
2015-05-04,9.2,9.2
2015-05-05,6.5,6.5
2015-05-06,9.9,9.9
2015-05-07,10.2,10.2
2015-05-08,6.7,6.7
2015-05-09,7.7,7.7
2015-05-10,7,7
2015-05-11,9.6,9.6
2015-05-12,9.3,9.3
2015-05-13,7.3,7.3
2015-05-14,10.5,10.5
2015-05-15,8.7,8.7
2015-05-16,10.8,10.8
2015-05-17,7.3,7.3
2015-05-18,6.7,6.7
2015-05-19,10.3,10.3
2015-05-20,7.8,7.8
2015-05-21,9,9
2015-05-22,10.9,10.9
2015-05-23,9,9
2015-05-24,11.6,11.6
2015-05-25,9.3,9.3
2015-05-26,10.8,10.8
2015-05-27,10.7,10.7
2015-05-28,12.3,12.3
2015-05-29,8.3,8.3
2015-05-30,10.5,10.5
2015-05-31,6.9,6.9
2015-06-01,11.9,11.9
2015-06-02,10.7,10.7
2015-06-03,9.2,9.2
2015-06-04,12.1,12.1
2015-06-05,13.5,13.5
2015-06-06,13.9,13.9
2015-06-07,12.5,12.5
2015-06-08,12.6,12.6
2015-06-09,12.6,12.6
2015-06-10,14.5,14.5
2015-06-11,15.1,NA
2015-06-12,16.8,16.8
2015-06-13,16.8,16.8
2015-06-14,15.6,15.6
2015-06-15,12.5,12.5
2015-06-16,13.9,13.9
2015-06-17,14.3,14.3
2015-06-18,10.4,NA
2015-06-19,11.8,11.8
2015-06-20,16.3,16.3
2015-06-21,17.4,17.4
2015-06-22,15.2,15.2
2015-06-23,14.7,14.7
2015-06-24,16.1,16.1
2015-06-25,14.3,14.3
2015-06-26,12.9,12.9
2015-06-27,15.3,15.3
2015-06-28,16.8,16.8
2015-06-29,14.7,14.7
2015-06-30,17.3,17.3
2015-07-01,18.9,18.9
2015-07-02,20.1,20.1
2015-07-03,20.2,20.2
2015-07-04,20.5,20.5
2015-07-05,20.1,20.1
2015-07-06,21.5,NA
2015-07-07,15.1,15.1
2015-07-08,17.3,NA
2015-07-09,12.6,12.6
2015-07-10,14.1,14.1
2015-07-11,14.7,14.7
2015-07-12,17,17
2015-07-13,17.1,NA
2015-07-14,16.3,16.3
2015-07-15,17,17
2015-07-16,15,15
2015-07-17,13.8,13.8
2015-07-18,16.2,16.2
2015-07-19,14.9,14.9
2015-07-20,16.9,16.9
2015-07-21,17.5,NA
2015-07-22,13.9,13.9
2015-07-23,16.6,16.6
2015-07-24,15.9,15.9
2015-07-25,14.8,14.8
2015-07-26,12.8,12.8
2015-07-27,12.4,12.4
2015-07-28,15.6,15.6
2015-07-29,14.5,14.5
2015-07-30,14.2,14.2
2015-07-31,17,17
2015-08-01,13.8,13.8
2015-08-02,15.5,NA
2015-08-03,14.2,14.2
2015-08-04,15.5,15.5
2015-08-05,16,16
2015-08-06,16.5,16.5
2015-08-07,15.6,15.6
2015-08-08,16.8,16.8
2015-08-09,17,17
2015-08-10,16.2,16.2
2015-08-11,16.3,16.3
2015-08-12,15.2,15.2
2015-08-13,16,16
2015-08-14,16.6,16.6
2015-08-15,18.7,18.7
2015-08-16,19.4,19.4
2015-08-17,18.4,18.4
2015-08-18,17.6,NA
2015-08-19,17.5,17.5
2015-08-20,18.1,18.1
2015-08-21,17.2,17.2
2015-08-22,16.8,16.8
2015-08-23,17.4,17.4
2015-08-24,19.5,19.5
2015-08-25,17.8,17.8
2015-08-26,16.1,16.1
2015-08-27,16,16
2015-08-28,13.1,13.1
2015-08-29,14.1,14.1
2015-08-30,15.7,15.7
2015-08-31,15.9,15.9
2015-09-01,16.3,16.3
2015-09-02,12.8,12.8
2015-09-03,12.4,12.4
2015-09-04,12,NA
2015-09-05,13,NA
2015-09-06,11.4,11.4
2015-09-07,11.1,11.1
2015-09-08,14,14
2015-09-09,14.7,14.7
2015-09-10,14.3,14.3
2015-09-11,15.5,NA
2015-09-12,15,15
2015-09-13,13.5,13.5
2015-09-14,14.5,14.5
2015-09-15,14.7,14.7
2015-09-16,11.3,11.3
2015-09-17,12.2,12.2
2015-09-18,13.9,13.9
2015-09-19,13.8,13.8
2015-09-20,12.6,12.6
2015-09-21,11.2,NA
2015-09-22,10.8,10.8
2015-09-23,11.3,11.3
2015-09-24,12.7,12.7
2015-09-25,12,12
2015-09-26,9.1,9.1
2015-09-27,9,9
2015-09-28,10.5,10.5
2015-09-29,10,10
2015-09-30,10.9,10.9
2015-10-01,12,12
2015-10-02,10.6,10.6
2015-10-03,11,11
2015-10-04,10.7,10.7
2015-10-05,10.1,10.1
2015-10-06,10.1,NA
2015-10-07,8,8
2015-10-08,7.4,7.4
2015-10-09,7.5,7.5
2015-10-10,7.3,7.3
2015-10-11,8.4,8.4
2015-10-12,8.5,8.5
2015-10-13,7.3,7.3
2015-10-14,4.6,NA
2015-10-15,3.8,NA
2015-10-16,4.3,4.3
2015-10-17,1.7,NA
2015-10-18,3.3,NA
2015-10-19,5.4,5.4
2015-10-20,6.5,6.5
2015-10-21,5.5,NA
2015-10-22,8.3,8.3
2015-10-23,10.5,10.5
2015-10-24,7.7,7.7
2015-10-25,9.2,9.2
2015-10-26,7.4,7.4
2015-10-27,5.1,5.1
2015-10-28,6.5,6.5
2015-10-29,6.1,6.1
2015-10-30,6.2,6.2
2015-10-31,6.4,6.4
2015-11-01,8.8,8.8
2015-11-02,6.9,6.9
2015-11-03,6.7,6.7
2015-11-04,7.6,7.6
2015-11-05,4.2,NA
2015-11-06,5.4,5.4
2015-11-07,8.1,8.1
2015-11-08,9.3,9.3
2015-11-09,7.4,7.4
2015-11-10,5.8,5.8
2015-11-11,3.7,3.7
2015-11-12,3.8,3.8
2015-11-13,4.5,4.5
2015-11-14,6.3,6.3
2015-11-15,2.5,2.5
2015-11-16,1.7,NA
2015-11-17,2,NA
2015-11-18,2.6,2.6
2015-11-19,0.4,0.4
2015-11-20,-1.2,-1.2
2015-11-21,-2.7,-2.7
2015-11-22,-2.6,-2.6
2015-11-23,-4.5,-4.5
2015-11-24,-3,-3
2015-11-25,3.2,3.2
2015-11-26,-0.4,-0.4
2015-11-27,1.3,1.3
2015-11-28,8.3,8.3
2015-11-29,3.5,3.5
2015-11-30,1.3,1.3
2015-12-01,0.9,0.9
2015-12-02,2.1,2.1
2015-12-03,2.6,2.6
2015-12-04,1.3,1.3
2015-12-05,4.8,4.8
2015-12-06,9.4,9.4
2015-12-07,6.9,6.9
2015-12-08,2.5,2.5
2015-12-09,6.8,NA
2015-12-10,6.6,6.6
2015-12-11,4.9,4.9
2015-12-12,-1.1,-1.1
2015-12-13,-1.3,-1.3
2015-12-14,-3.7,-3.7
2015-12-15,-6.6,-6.6
2015-12-16,-6.1,-6.1
2015-12-17,-1.8,-1.8
2015-12-18,1.1,1.1
2015-12-19,4.7,4.7
2015-12-20,7.1,7.1
2015-12-21,8.1,NA
2015-12-22,5.7,5.7
2015-12-23,3.7,3.7
2015-12-24,3.6,3.6
2015-12-25,6.5,NA
2015-12-26,3.5,3.5
2015-12-27,-2.5,-2.5
2015-12-28,-2.8,-2.8
2015-12-29,-1.1,-1.1
2015-12-30,-0.5,-0.5
2015-12-31,1.7,NA
2016-01-01,0.9,NA
2016-01-02,1.6,1.6
2016-01-03,-4.1,-4.1
2016-01-04,-6.4,-6.4
2016-01-05,-7.7,-7.7
2016-01-06,-8.5,NA
2016-01-07,-11.8,-11.8
2016-01-08,-11.2,-11.2
2016-01-09,-8.5,-8.5
2016-01-10,-8.9,-8.9
2016-01-11,-3.6,-3.6
2016-01-12,-1.6,-1.6
2016-01-13,-4,-4
2016-01-14,-9.5,-9.5
2016-01-15,-13,-13
2016-01-16,-10.2,-10.2
2016-01-17,-10.8,-10.8
2016-01-18,-11.6,-11.6
2016-01-19,-11.4,-11.4
2016-01-20,-11.2,-11.2
2016-01-21,-10.4,-10.4
2016-01-22,-11.5,-11.5
2016-01-23,-6.9,-6.9
2016-01-24,-2.2,NA
2016-01-25,-2.5,-2.5
2016-01-26,0.3,NA
2016-01-27,3,3
2016-01-28,3.2,3.2
2016-01-29,3,3
2016-01-30,4,4
2016-01-31,1.7,1.7
2016-02-01,-0.6,-0.6
2016-02-02,-0.3,-0.3
2016-02-03,2.1,2.1
2016-02-04,-0.7,-0.7
2016-02-05,-0.5,-0.5
2016-02-06,-0.1,-0.1
2016-02-07,4.2,4.2
2016-02-08,4.5,4.5
2016-02-09,3.1,3.1
2016-02-10,2.9,2.9
2016-02-11,1.8,1.8
2016-02-12,-0.8,NA
2016-02-13,-2.5,-2.5
2016-02-14,-4.3,-4.3
2016-02-15,-7,NA
2016-02-16,-4.7,-4.7
2016-02-17,-1.6,-1.6
2016-02-18,-0.2,-0.2
2016-02-19,-2.5,-2.5
2016-02-20,0.2,NA
2016-02-21,0.1,0.1
2016-02-22,-0.5,-0.5
2016-02-23,-2.6,-2.6
2016-02-24,-2.3,NA
2016-02-25,-1.9,NA
2016-02-26,-0.9,NA
2016-02-27,-0.1,-0.1
2016-02-28,-1.9,-1.9
2016-02-29,-1.5,NA
2016-03-01,-1.8,-1.8
2016-03-02,-0.6,-0.6
2016-03-03,-0.6,-0.6
2016-03-04,1.2,1.2
2016-03-05,0.7,0.7
2016-03-06,1.1,1.1
2016-03-07,0.1,0.1
2016-03-08,0.4,0.4
2016-03-09,1.3,NA
2016-03-10,1.7,1.7
2016-03-11,1.3,1.3
2016-03-12,0.8,0.8
2016-03-13,1.2,1.2
2016-03-14,2.9,NA
2016-03-15,6.8,6.8
2016-03-16,7.3,7.3
2016-03-17,5.1,5.1
2016-03-18,3.2,3.2
2016-03-19,4.8,4.8
2016-03-20,5.6,5.6
2016-03-21,5.2,5.2
2016-03-22,4.4,4.4
2016-03-23,4.5,NA
2016-03-24,3.2,3.2
2016-03-25,3.4,3.4
2016-03-26,3.2,NA
2016-03-27,5.2,5.2
2016-03-28,5.3,5.3
2016-03-29,6.6,6.6
2016-03-30,5.2,5.2
2016-03-31,2.3,2.3
2016-04-01,2.7,NA
2016-04-02,5.1,5.1
2016-04-03,5,NA
2016-04-04,5.7,5.7
2016-04-05,6.9,6.9
2016-04-06,6,6
2016-04-07,6.3,6.3
2016-04-08,5.2,5.2
2016-04-09,4.5,4.5
2016-04-10,4.5,4.5
2016-04-11,7.4,7.4
2016-04-12,6.6,6.6
2016-04-13,7.7,7.7
2016-04-14,8.7,8.7
2016-04-15,6.9,6.9
2016-04-16,6.3,6.3
2016-04-17,7.1,7.1
2016-04-18,5.1,5.1
2016-04-19,6.6,6.6
2016-04-20,8.4,8.4
2016-04-21,8.9,8.9
2016-04-22,8.4,8.4
2016-04-23,4.8,4.8
2016-04-24,3.9,3.9
2016-04-25,3.1,3.1
2016-04-26,3.8,3.8
2016-04-27,5,NA
2016-04-28,6.2,6.2
2016-04-29,4.8,4.8
2016-04-30,5.5,5.5
2016-05-01,3.4,3.4
2016-05-02,7,7
2016-05-03,8.3,8.3
2016-05-04,6.6,NA
2016-05-05,9.4,9.4
2016-05-06,9.5,9.5
2016-05-07,11,11
2016-05-08,14.3,14.3
2016-05-09,16.4,16.4
2016-05-10,17.6,17.6
2016-05-11,16.9,16.9
2016-05-12,13.2,13.2
2016-05-13,12.8,12.8
2016-05-14,8.5,8.5
2016-05-15,8.8,8.8
2016-05-16,10,10
2016-05-17,10.8,10.8
2016-05-18,12.5,12.5
2016-05-19,12.2,12.2
2016-05-20,12,12
2016-05-21,10.7,10.7
2016-05-22,12,12
2016-05-23,13.9,13.9
2016-05-24,12.7,12.7
2016-05-25,10.8,10.8
2016-05-26,13.2,NA
2016-05-27,14.9,14.9
2016-05-28,14.9,14.9
2016-05-29,14.1,14.1
2016-05-30,13.3,NA
2016-05-31,16.9,16.9
2016-06-01,21.2,21.2
2016-06-02,22.5,22.5
2016-06-03,22.4,22.4
2016-06-04,21.6,21.6
2016-06-05,17.2,17.2
2016-06-06,16.9,16.9
2016-06-07,17.1,17.1
2016-06-08,16.4,16.4
2016-06-09,13.4,13.4
2016-06-10,12.7,12.7
2016-06-11,12.2,12.2
2016-06-12,14.3,14.3
2016-06-13,15.6,15.6
2016-06-14,17.9,17.9
2016-06-15,19.1,19.1
2016-06-16,13.9,13.9
2016-06-17,19.6,19.6
2016-06-18,15.3,15.3
2016-06-19,16.1,NA
2016-06-20,14.8,14.8
2016-06-21,14,14
2016-06-22,16.8,16.8
2016-06-23,16.9,16.9
2016-06-24,16.9,NA
2016-06-25,17.7,17.7
2016-06-26,20.6,NA
2016-06-27,16,16
2016-06-28,14.9,NA
2016-06-29,16.3,16.3
2016-06-30,15.3,15.3
2016-07-01,14.2,14.2
2016-07-02,13.6,13.6
2016-07-03,12.9,12.9
2016-07-04,13.8,13.8
2016-07-05,15.4,15.4
2016-07-06,15.2,15.2
2016-07-07,16.5,NA
2016-07-08,16.8,16.8
2016-07-09,17.9,17.9
2016-07-10,18.1,NA
2016-07-11,17.5,17.5
2016-07-12,16.4,NA
2016-07-13,16.4,16.4
2016-07-14,16.4,16.4
2016-07-15,17.3,17.3
2016-07-16,19.3,19.3
2016-07-17,16.5,16.5
2016-07-18,15,15
2016-07-19,16.7,16.7
2016-07-20,17.1,17.1
2016-07-21,20.8,20.8
2016-07-22,22.2,NA
2016-07-23,21,21
2016-07-24,19.8,19.8
2016-07-25,20.9,20.9
2016-07-26,19.1,19.1
2016-07-27,17.2,NA
2016-07-28,16.9,16.9
2016-07-29,18,18
2016-07-30,16.3,16.3
2016-07-31,15.8,15.8
2016-08-01,15.5,15.5
2016-08-02,15.5,15.5
2016-08-03,15.8,15.8
2016-08-04,15.7,15.7
2016-08-05,16.1,16.1
2016-08-06,16.9,16.9
2016-08-07,15.7,15.7
2016-08-08,15.3,15.3
2016-08-09,13.9,13.9
2016-08-10,12.4,NA
2016-08-11,11,11
2016-08-12,12.6,12.6
2016-08-13,13.4,13.4
2016-08-14,15.8,NA
2016-08-15,16.2,16.2
2016-08-16,16.7,NA
2016-08-17,17.7,17.7
2016-08-18,18.8,NA
2016-08-19,17.7,17.7
2016-08-20,16.5,16.5
2016-08-21,16.4,16.4
2016-08-22,16,16
2016-08-23,16.2,16.2
2016-08-24,18,NA
2016-08-25,16.7,16.7
2016-08-26,17.3,17.3
2016-08-27,16.8,NA
2016-08-28,15.6,15.6
2016-08-29,12.4,12.4
2016-08-30,11.4,11.4
2016-08-31,14.2,14.2
2016-09-01,16.7,16.7
2016-09-02,15.3,15.3
2016-09-03,15.5,15.5
2016-09-04,14.3,NA
2016-09-05,14.4,14.4
2016-09-06,14.3,14.3
2016-09-07,16.6,16.6
2016-09-08,17.5,17.5
2016-09-09,18.7,18.7
2016-09-10,16.5,16.5
2016-09-11,17,17
2016-09-12,14,14
2016-09-13,15.7,15.7
2016-09-14,16.9,16.9
2016-09-15,18.3,NA
2016-09-16,19,19
2016-09-17,15.7,15.7
2016-09-18,13.4,13.4
2016-09-19,13.9,13.9
2016-09-20,13.8,13.8
2016-09-21,15.9,15.9
2016-09-22,15.2,15.2
2016-09-23,13.8,13.8
2016-09-24,9.9,9.9
2016-09-25,13.7,13.7
2016-09-26,15.5,15.5
2016-09-27,13.1,13.1
2016-09-28,13.5,13.5
2016-09-29,13.2,13.2
2016-09-30,12.9,12.9
2016-10-01,9.5,9.5
2016-10-02,9,9
2016-10-03,8.5,8.5
2016-10-04,7.4,7.4
2016-10-05,6.3,6.3
2016-10-06,6.3,NA
2016-10-07,10.6,10.6
2016-10-08,10.3,10.3
2016-10-09,7,7
2016-10-10,6.8,NA
2016-10-11,6.4,6.4
2016-10-12,4.6,4.6
2016-10-13,3.3,NA
2016-10-14,2.3,2.3
2016-10-15,1.6,1.6
2016-10-16,4.9,4.9
2016-10-17,6.3,6.3
2016-10-18,6.8,6.8
2016-10-19,6.9,6.9
2016-10-20,7.9,NA
2016-10-21,6,6
2016-10-22,5.1,5.1
2016-10-23,3.1,3.1
2016-10-24,4.5,4.5
2016-10-25,5.4,5.4
2016-10-26,4.2,4.2
2016-10-27,6.4,6.4
2016-10-28,8,8
2016-10-29,7.1,7.1
2016-10-30,4.4,4.4
2016-10-31,5.5,5.5
2016-11-01,6,NA
2016-11-02,3.6,3.6
2016-11-03,0.7,0.7
2016-11-04,-0.6,-0.6
2016-11-05,-0.4,-0.4
2016-11-06,-0.4,-0.4
2016-11-07,-3.8,-3.8
2016-11-08,-5.5,-5.5
2016-11-09,-4.1,-4.1
2016-11-10,-3.8,-3.8
2016-11-11,-3.3,-3.3
2016-11-12,-5.4,-5.4
2016-11-13,-1.6,-1.6
2016-11-14,2.7,2.7
2016-11-15,4.9,4.9
2016-11-16,2.6,NA
2016-11-17,3.2,3.2
2016-11-18,2.7,2.7
2016-11-19,3.5,3.5
2016-11-20,2.3,NA
2016-11-21,2.7,2.7
2016-11-22,3.2,3.2
2016-11-23,5.5,NA
2016-11-24,4.4,4.4
2016-11-25,1.2,1.2
2016-11-26,4.3,4.3
2016-11-27,4.9,NA
2016-11-28,1.6,1.6
2016-11-29,-2,-2
2016-11-30,-2.4,-2.4
2016-12-01,-0.3,-0.3
2016-12-02,1.8,1.8
2016-12-03,-0.1,-0.1
2016-12-04,-2,-2
2016-12-05,0.1,0.1
2016-12-06,3,3
2016-12-07,-1.5,-1.5
2016-12-08,3.6,3.6
2016-12-09,5.2,5.2
2016-12-10,3.2,3.2
2016-12-11,1.6,1.6
2016-12-12,0,0
2016-12-13,-1.3,-1.3
2016-12-14,-2.3,-2.3
2016-12-15,-4.8,-4.8
2016-12-16,-3.1,-3.1
2016-12-17,-0.1,-0.1
2016-12-18,-2.2,-2.2
2016-12-19,-1.8,-1.8
2016-12-20,1.4,NA
2016-12-21,2.9,2.9
2016-12-22,3.4,NA
2016-12-23,2.6,2.6
2016-12-24,3.4,3.4
2016-12-25,1.8,NA
2016-12-26,3.7,3.7
2016-12-27,3.9,3.9
2016-12-28,0.9,0.9
2016-12-29,-1.4,NA
2016-12-30,-0.9,-0.9
2016-12-31,5.2,NA
2017-01-01,3.5,NA
2017-01-02,0.2,NA
2017-01-03,-3.1,-3.1
2017-01-04,-1.7,-1.7
2017-01-05,-5.6,-5.6
2017-01-06,-10.7,-10.7
2017-01-07,-1.4,-1.4
2017-01-08,-2.5,-2.5
2017-01-09,-2.5,-2.5
2017-01-10,2.1,2.1
2017-01-11,3.2,3.2
2017-01-12,1.7,1.7
2017-01-13,0.2,0.2
2017-01-14,-4.2,-4.2
2017-01-15,-2.9,-2.9
2017-01-16,-5.6,-5.6
2017-01-17,-4.5,-4.5
2017-01-18,-3.1,-3.1
2017-01-19,-2.4,-2.4
2017-01-20,1.1,1.1
2017-01-21,2,2
2017-01-22,0.3,0.3
2017-01-23,-0.5,-0.5
2017-01-24,-4.1,NA
2017-01-25,-2.6,-2.6
2017-01-26,0.4,0.4
2017-01-27,0.8,0.8
2017-01-28,-0.3,-0.3
2017-01-29,0,0
2017-01-30,0.5,0.5
2017-01-31,0.7,0.7
2017-02-01,-0.7,-0.7
2017-02-02,-0.2,-0.2
2017-02-03,-0.4,-0.4
2017-02-04,0.3,0.3
2017-02-05,-0.4,-0.4
2017-02-06,0.5,0.5
2017-02-07,-2.3,NA
2017-02-08,-6.6,-6.6
2017-02-09,-6.6,-6.6
2017-02-10,-5.1,-5.1
2017-02-11,-3.7,-3.7
2017-02-12,-3.6,-3.6
2017-02-13,-4.6,-4.6
2017-02-14,-4.2,-4.2
2017-02-15,-3.2,-3.2
2017-02-16,-4.3,-4.3
2017-02-17,-1.8,-1.8
2017-02-18,-1.7,-1.7
2017-02-19,-1.2,-1.2
2017-02-20,2.2,2.2
2017-02-21,3.2,3.2
2017-02-22,1.9,1.9
2017-02-23,0.8,0.8
2017-02-24,-2.4,-2.4
2017-02-25,-2.3,NA
2017-02-26,-1.5,-1.5
2017-02-27,0.7,0.7
2017-02-28,3.3,3.3
2017-03-01,2.5,2.5
2017-03-02,1.6,1.6
2017-03-03,-1,-1
2017-03-04,-0.4,-0.4
2017-03-05,-0.3,-0.3
2017-03-06,-2,-2
2017-03-07,-2.8,NA
2017-03-08,-2.5,-2.5
2017-03-09,-1.6,-1.6
2017-03-10,1.1,1.1
2017-03-11,2.5,2.5
2017-03-12,2.6,2.6
2017-03-13,2.7,2.7
2017-03-14,2,2
2017-03-15,5,5
2017-03-16,5.5,5.5
2017-03-17,4.7,NA
2017-03-18,3.9,3.9
2017-03-19,1.2,1.2
2017-03-20,1.4,1.4
2017-03-21,2.2,2.2
2017-03-22,2.5,2.5
2017-03-23,2.6,2.6
2017-03-24,3.1,3.1
2017-03-25,2.5,2.5
2017-03-26,7.2,7.2
2017-03-27,10.6,10.6
2017-03-28,9.8,9.8
2017-03-29,7.5,7.5
2017-03-30,3.4,3.4
2017-03-31,3.1,3.1
2017-04-01,3.5,3.5
2017-04-02,5.8,5.8
2017-04-03,7.2,7.2
2017-04-04,5.8,NA
2017-04-05,5.6,5.6
2017-04-06,6.2,6.2
2017-04-07,6.1,6.1
2017-04-08,11.2,11.2
2017-04-09,8.5,8.5
2017-04-10,8.6,8.6
2017-04-11,8.1,8.1
2017-04-12,6.4,6.4
2017-04-13,5.3,5.3
2017-04-14,2,2
2017-04-15,-0.6,-0.6
2017-04-16,-0.1,-0.1
2017-04-17,2.3,2.3
2017-04-18,2,NA
2017-04-19,2.4,2.4
2017-04-20,5.9,5.9
2017-04-21,7.9,7.9
2017-04-22,7.1,7.1
2017-04-23,5.7,NA
2017-04-24,5.2,5.2
2017-04-25,1.4,1.4
2017-04-26,3.8,3.8
2017-04-27,4.2,4.2
2017-04-28,3.7,3.7
2017-04-29,4.2,4.2
2017-04-30,5.4,5.4
2017-05-01,7.2,7.2
2017-05-02,7.8,7.8
2017-05-03,12.9,12.9
2017-05-04,11.9,11.9
2017-05-05,12,12
2017-05-06,16.4,16.4
2017-05-07,16.1,16.1
2017-05-08,7.7,7.7
2017-05-09,5.5,5.5
2017-05-10,5.1,5.1
2017-05-11,1.8,1.8
2017-05-12,4.2,4.2
2017-05-13,6.7,6.7
2017-05-14,9.4,NA
2017-05-15,9.5,9.5
2017-05-16,8.1,8.1
2017-05-17,9,9
2017-05-18,11.9,11.9
2017-05-19,13.2,13.2
2017-05-20,16.3,16.3
2017-05-21,14.7,14.7
2017-05-22,13,13
2017-05-23,11.6,11.6
2017-05-24,13.8,13.8
2017-05-25,15.9,15.9
2017-05-26,16.7,16.7
2017-05-27,17,NA
2017-05-28,17.1,17.1
2017-05-29,15.4,NA
2017-05-30,16.6,16.6
2017-05-31,12.5,12.5
2017-06-01,11.7,11.7
2017-06-02,13,13
2017-06-03,10.1,10.1
2017-06-04,12.4,NA
2017-06-05,12.1,12.1
2017-06-06,14.8,14.8
2017-06-07,16,16
2017-06-08,12.4,12.4
2017-06-09,12.9,12.9
2017-06-10,13.4,13.4
2017-06-11,13.9,NA
2017-06-12,13.3,13.3
2017-06-13,15.8,NA
2017-06-14,16.3,16.3
2017-06-15,17.1,17.1
2017-06-16,17.4,17.4
2017-06-17,16,16
2017-06-18,18.2,18.2
2017-06-19,18.8,NA
2017-06-20,15.1,15.1
2017-06-21,15.6,15.6
2017-06-22,15.5,15.5
2017-06-23,16,NA
2017-06-24,14.7,14.7
2017-06-25,15.8,15.8
2017-06-26,14.6,14.6
2017-06-27,14.3,14.3
2017-06-28,14.9,14.9
2017-06-29,17.6,17.6
2017-06-30,17.4,17.4
2017-07-01,19.9,19.9
2017-07-02,20,20
2017-07-03,17.9,17.9
2017-07-04,15.7,15.7
2017-07-05,15.4,15.4
2017-07-06,15.7,15.7
2017-07-07,16.3,16.3
2017-07-08,16.4,NA
2017-07-09,16.3,16.3
2017-07-10,17,17
2017-07-11,14.7,NA
2017-07-12,15.3,15.3
2017-07-13,12.6,12.6
2017-07-14,15.7,15.7
2017-07-15,16.5,16.5
2017-07-16,17.4,17.4
2017-07-17,15.2,15.2
2017-07-18,15.5,15.5
2017-07-19,17.8,17.8
2017-07-20,16.9,16.9
2017-07-21,20.4,20.4
2017-07-22,16.9,16.9
2017-07-23,19.3,NA
2017-07-24,20.4,20.4
2017-07-25,17.8,NA
2017-07-26,20,20
2017-07-27,18.5,18.5
2017-07-28,16.4,16.4
2017-07-29,16.3,16.3
2017-07-30,16.3,16.3
2017-07-31,16,16
2017-08-01,16,NA
2017-08-02,15.9,15.9
2017-08-03,14.8,14.8
2017-08-04,15.9,15.9
2017-08-05,15.8,15.8
2017-08-06,16.4,16.4
2017-08-07,14.3,14.3
2017-08-08,14.9,NA
2017-08-09,17,17
2017-08-10,14.5,NA
2017-08-11,17.2,17.2
2017-08-12,16.9,16.9
2017-08-13,15.3,15.3
2017-08-14,14.5,NA
2017-08-15,15.9,15.9
2017-08-16,15.7,15.7
2017-08-17,17.1,17.1
2017-08-18,16.4,16.4
2017-08-19,16.3,16.3
2017-08-20,14.9,NA
2017-08-21,15.1,15.1
2017-08-22,15,NA
2017-08-23,12.8,12.8
2017-08-24,14.8,NA
2017-08-25,13.6,13.6
2017-08-26,15.2,15.2
2017-08-27,13,13
2017-08-28,14.6,14.6
2017-08-29,16.5,16.5
2017-08-30,15,15
2017-08-31,14.2,14.2
2017-09-01,12.1,12.1
2017-09-02,12.6,12.6
2017-09-03,14.1,NA
2017-09-04,14.5,14.5
2017-09-05,11.3,NA
2017-09-06,13,13
2017-09-07,11.6,11.6
2017-09-08,10.9,10.9
2017-09-09,11.4,11.4
2017-09-10,11.6,11.6
2017-09-11,13,13
2017-09-12,12.5,12.5
2017-09-13,12.9,12.9
2017-09-14,11.8,11.8
2017-09-15,11.4,11.4
2017-09-16,12.2,12.2
2017-09-17,12.8,NA
2017-09-18,11.9,11.9
2017-09-19,12.6,12.6
2017-09-20,10.8,10.8
2017-09-21,9.1,9.1
2017-09-22,9.4,NA
2017-09-23,11.8,NA
2017-09-24,12.8,12.8
2017-09-25,13.6,NA
2017-09-26,13.3,13.3
2017-09-27,13.2,13.2
2017-09-28,13.4,13.4
2017-09-29,12.7,12.7
2017-09-30,11.2,11.2
2017-10-01,11.8,NA
2017-10-02,11.5,11.5
2017-10-03,11.4,11.4
2017-10-04,11.1,11.1
2017-10-05,5.8,5.8
2017-10-06,7.8,7.8
2017-10-07,10,NA
2017-10-08,7.5,7.5
2017-10-09,7.8,7.8
2017-10-10,6,NA
2017-10-11,4.8,4.8
2017-10-12,7,7
2017-10-13,7.7,NA
2017-10-14,9.7,9.7
2017-10-15,9.5,9.5
2017-10-16,11.1,11.1
2017-10-17,11,NA
2017-10-18,8.7,8.7
2017-10-19,4.7,4.7
2017-10-20,6.1,6.1
2017-10-21,6.7,6.7
2017-10-22,6.5,6.5
2017-10-23,4.8,4.8
2017-10-24,4.2,4.2
2017-10-25,4.5,4.5
2017-10-26,3.6,3.6
2017-10-27,6.1,6.1
2017-10-28,6.4,6.4
2017-10-29,7.7,7.7
2017-10-30,4.8,4.8
2017-10-31,2.2,2.2
2017-11-01,3.9,3.9
2017-11-02,4.5,NA
2017-11-03,3.8,3.8
2017-11-04,3.5,3.5
2017-11-05,5.3,5.3
2017-11-06,5,5
2017-11-07,2.4,2.4
2017-11-08,4.4,4.4
2017-11-09,6.5,NA
2017-11-10,5.1,5.1
2017-11-11,1.9,1.9
2017-11-12,-1,-1
2017-11-13,1.2,1.2
2017-11-14,0.3,0.3
2017-11-15,-1,-1
2017-11-16,-0.4,-0.4
2017-11-17,2.4,2.4
2017-11-18,3.2,3.2
2017-11-19,0.3,0.3
2017-11-20,-1.5,-1.5
2017-11-21,-2.1,-2.1
2017-11-22,-5.1,-5.1
2017-11-23,-0.9,-0.9
2017-11-24,5.8,5.8
2017-11-25,2,NA
2017-11-26,1,1
2017-11-27,2,2
2017-11-28,-0.2,-0.2
2017-11-29,-0.1,NA
2017-11-30,-0.7,-0.7
2017-12-01,-0.6,-0.6
2017-12-02,-4.3,-4.3
2017-12-03,-3.3,-3.3
2017-12-04,-2.5,-2.5
2017-12-05,-2.7,-2.7
2017-12-06,0.3,0.3
2017-12-07,0.7,0.7
2017-12-08,5.9,5.9
2017-12-09,3.1,3.1
2017-12-10,-0.8,-0.8
2017-12-11,-3.7,-3.7
2017-12-12,-2.2,NA
2017-12-13,-6.7,-6.7
2017-12-14,-2.8,-2.8
2017-12-15,-0.6,-0.6
2017-12-16,-1.6,-1.6
2017-12-17,-4,-4
2017-12-18,-6.9,-6.9
2017-12-19,-4.3,-4.3
2017-12-20,-2,-2
2017-12-21,-0.9,-0.9
2017-12-22,-4,-4
2017-12-23,-1.8,-1.8
2017-12-24,0.7,0.7
2017-12-25,-1.9,-1.9
2017-12-26,0.6,0.6
2017-12-27,2.2,NA
2017-12-28,1.5,1.5
2017-12-29,1.1,1.1
2017-12-30,-1.5,-1.5
2017-12-31,-2.9,-2.9
2018-01-01,-0.4,-0.4
2018-01-02,1.9,1.9
2018-01-03,-1.1,NA
2018-01-04,0.1,0.1
2018-01-05,0.8,NA
2018-01-06,-2.3,-2.3
2018-01-07,-5.5,-5.5
2018-01-08,-4.8,-4.8
2018-01-09,-3.5,-3.5
2018-01-10,-6.9,-6.9
2018-01-11,-0.6,-0.6
2018-01-12,-2.8,-2.8
2018-01-13,-2.7,-2.7
2018-01-14,-2.4,-2.4
2018-01-15,-2.6,-2.6
2018-01-16,-1.3,NA
2018-01-17,0.2,0.2
2018-01-18,-0.8,NA
2018-01-19,-3.7,-3.7
2018-01-20,-2.3,-2.3
2018-01-21,-2.3,-2.3
2018-01-22,-3.8,-3.8
2018-01-23,-3.8,-3.8
2018-01-24,0.3,0.3
2018-01-25,3.9,NA
2018-01-26,1.9,1.9
2018-01-27,-1.8,-1.8
2018-01-28,-2.4,-2.4
2018-01-29,-0.6,NA
2018-01-30,-2.9,NA
2018-01-31,-2.6,-2.6
2018-02-01,1,1
2018-02-02,-1.3,NA
2018-02-03,-7.1,-7.1
2018-02-04,-7.7,-7.7
2018-02-05,-9,-9
2018-02-06,-7,-7
2018-02-07,-4.8,-4.8
2018-02-08,-5.8,-5.8
2018-02-09,-2,-2
2018-02-10,-0.6,NA
2018-02-11,-1.6,-1.6
2018-02-12,-1.8,NA
2018-02-13,-1.8,-1.8
2018-02-14,-2.3,-2.3
2018-02-15,0.7,0.7
2018-02-16,-0.6,-0.6
2018-02-17,-2.4,-2.4
2018-02-18,-3.2,-3.2
2018-02-19,-0.5,-0.5
2018-02-20,-2,-2
2018-02-21,-3.8,-3.8
2018-02-22,-3.6,-3.6
2018-02-23,-5.1,-5.1
2018-02-24,-3,-3
2018-02-25,-4.2,-4.2
2018-02-26,-9.3,-9.3
2018-02-27,-7.6,-7.6
2018-02-28,-10.6,NA
2018-03-01,-11.9,-11.9
2018-03-02,-10.9,-10.9
2018-03-03,-5.2,-5.2
2018-03-04,-6,-6
2018-03-05,-3.9,-3.9
2018-03-06,-4.7,NA
2018-03-07,-3.3,-3.3
2018-03-08,-1.3,-1.3
2018-03-09,-2.5,-2.5
2018-03-10,-3.5,-3.5
2018-03-11,-2.7,-2.7
2018-03-12,-2.6,-2.6
2018-03-13,0.4,0.4
2018-03-14,-0.4,-0.4
2018-03-15,-0.3,-0.3
2018-03-16,-4.5,-4.5
2018-03-17,-6.5,-6.5
2018-03-18,-7.3,-7.3
2018-03-19,-4.4,-4.4
2018-03-20,0.8,NA
2018-03-21,1.4,1.4
2018-03-22,2.5,2.5
2018-03-23,1.4,1.4
2018-03-24,0.6,0.6
2018-03-25,2.5,2.5
2018-03-26,3.4,NA
2018-03-27,-2.4,-2.4
2018-03-28,-3.5,-3.5
2018-03-29,-1.4,-1.4
2018-03-30,-2,-2
2018-03-31,-1.9,-1.9
2018-04-01,-0.7,-0.7
2018-04-02,0.5,0.5
2018-04-03,-0.3,NA
2018-04-04,1.5,1.5
2018-04-05,3,3
2018-04-06,2.9,2.9
2018-04-07,4.4,4.4
2018-04-08,3.3,3.3
2018-04-09,4.5,4.5
2018-04-10,2.7,2.7
2018-04-11,4.1,4.1
2018-04-12,5,5
2018-04-13,7.6,7.6
2018-04-14,9.1,9.1
2018-04-15,10.3,10.3
2018-04-16,11,11
2018-04-17,7.5,NA
2018-04-18,7.6,7.6
2018-04-19,10.4,10.4
2018-04-20,10.2,10.2
2018-04-21,8.5,8.5
2018-04-22,9.9,9.9
2018-04-23,10.1,10.1
2018-04-24,6.5,6.5
2018-04-25,7.5,7.5
2018-04-26,8.4,8.4
2018-04-27,8.9,8.9
2018-04-28,7,7
2018-04-29,6.5,6.5
2018-04-30,9.1,9.1
2018-05-01,8,NA
2018-05-02,5.2,5.2
2018-05-03,8.8,8.8
2018-05-04,6.2,6.2
2018-05-05,9.7,9.7
2018-05-06,12.7,NA
2018-05-07,12.8,NA
2018-05-08,13.8,13.8
2018-05-09,15,15
2018-05-10,17.6,17.6
2018-05-11,17.9,17.9
2018-05-12,13.6,13.6
2018-05-13,13,13
2018-05-14,18.2,18.2
2018-05-15,18.7,18.7
2018-05-16,20.1,NA
2018-05-17,17.7,17.7
2018-05-18,13.1,13.1
2018-05-19,14.2,14.2
2018-05-20,15.3,15.3
2018-05-21,15.5,15.5
2018-05-22,15.8,15.8
2018-05-23,17.9,17.9
2018-05-24,18,18
2018-05-25,19.4,19.4
2018-05-26,21.8,21.8
2018-05-27,22,22
2018-05-28,22.3,22.3
2018-05-29,18,18
2018-05-30,22.2,22.2
2018-05-31,23.9,23.9
2018-06-01,22.2,22.2
2018-06-02,22.3,22.3
2018-06-03,22.4,22.4
2018-06-04,23.5,23.5
2018-06-05,16.9,16.9
2018-06-06,14.3,14.3
2018-06-07,16.5,16.5
2018-06-08,21.1,21.1
2018-06-09,20.9,20.9
2018-06-10,21.1,21.1
2018-06-11,19.9,19.9
2018-06-12,16.1,16.1
2018-06-13,18.6,18.6
2018-06-14,16.8,NA
2018-06-15,13.7,13.7
2018-06-16,15.6,15.6
2018-06-17,15.2,NA
2018-06-18,13.6,13.6
2018-06-19,14.6,14.6
2018-06-20,15.2,15.2
2018-06-21,11.7,11.7
2018-06-22,11.8,NA
2018-06-23,13.2,13.2
2018-06-24,16.5,16.5
2018-06-25,20,NA
2018-06-26,23.9,23.9
2018-06-27,22.4,22.4
2018-06-28,22.1,22.1
2018-06-29,20.7,20.7
2018-06-30,17.1,17.1
2018-07-01,17.6,17.6
2018-07-02,21.1,21.1
2018-07-03,22.1,22.1
2018-07-04,24.1,24.1
2018-07-05,22.3,22.3
2018-07-06,19.3,19.3
2018-07-07,22.3,22.3
2018-07-08,20.2,20.2
2018-07-09,21.4,21.4
2018-07-10,18.1,18.1
2018-07-11,24.3,24.3
2018-07-12,24.6,24.6
2018-07-13,20.5,NA
2018-07-14,22.8,22.8
2018-07-15,19.8,NA
2018-07-16,21.1,21.1
2018-07-17,22,22
2018-07-18,25.5,25.5
2018-07-19,21,21
2018-07-20,22.3,22.3
2018-07-21,21,21
2018-07-22,21.1,NA
2018-07-23,20.9,NA
2018-07-24,23.4,23.4
2018-07-25,23,23
2018-07-26,22.6,22.6
2018-07-27,24.1,NA
2018-07-28,28,28
2018-07-29,23.6,23.6
2018-07-30,20.7,20.7
2018-07-31,22.3,NA
2018-08-01,23,23
2018-08-02,20.8,NA
2018-08-03,19.6,19.6
2018-08-04,20.3,20.3
2018-08-05,21.9,21.9
2018-08-06,18.5,18.5
2018-08-07,17.2,17.2
2018-08-08,19.1,NA
2018-08-09,18.9,18.9
2018-08-10,19.7,19.7
2018-08-11,15.1,15.1
2018-08-12,15.4,15.4
2018-08-13,12.2,12.2
2018-08-14,16.2,16.2
2018-08-15,15.5,15.5
2018-08-16,17.4,17.4
2018-08-17,17.3,NA
2018-08-18,14.9,14.9
2018-08-19,14.6,14.6
2018-08-20,15.7,15.7
2018-08-21,13.5,13.5
2018-08-22,15.6,15.6
2018-08-23,15.8,15.8
2018-08-24,15.4,15.4
2018-08-25,13.1,13.1
2018-08-26,13,13
2018-08-27,13.2,13.2
2018-08-28,13.4,13.4
2018-08-29,14.4,14.4
2018-08-30,15.4,15.4
2018-08-31,15.4,15.4
2018-09-01,14,14
2018-09-02,15.5,15.5
2018-09-03,15.1,NA
2018-09-04,15.8,15.8
2018-09-05,17.5,17.5
2018-09-06,17,17
2018-09-07,15.3,15.3
2018-09-08,16,16
2018-09-09,13.7,13.7
2018-09-10,14.5,14.5
2018-09-11,14.3,NA
2018-09-12,10.7,10.7
2018-09-13,12,NA
2018-09-14,12.5,12.5
2018-09-15,11.8,11.8
2018-09-16,11,11
2018-09-17,11.1,11.1
2018-09-18,12.8,12.8
2018-09-19,16.6,NA
2018-09-20,16.1,16.1
2018-09-21,12.8,12.8
2018-09-22,11.3,11.3
2018-09-23,10.1,10.1
2018-09-24,9.2,NA
2018-09-25,6.8,6.8
2018-09-26,11,11
2018-09-27,12.8,12.8
2018-09-28,5.8,5.8
2018-09-29,6.4,6.4
2018-09-30,8.8,8.8
2018-10-01,7.8,7.8
2018-10-02,6.5,6.5
2018-10-03,4.3,4.3
2018-10-04,6.5,6.5
2018-10-05,8.5,8.5
2018-10-06,7.5,7.5
2018-10-07,6.9,NA
2018-10-08,7.7,7.7
2018-10-09,11.5,11.5
2018-10-10,12.7,12.7
2018-10-11,12.9,12.9
2018-10-12,11.8,11.8
2018-10-13,12,NA
2018-10-14,15.3,15.3
2018-10-15,14,NA
2018-10-16,9.7,9.7
2018-10-17,7.5,NA
2018-10-18,9.8,9.8
2018-10-19,7,7
2018-10-20,6.1,6.1
2018-10-21,6.5,6.5
2018-10-22,9.2,9.2
2018-10-23,8.2,8.2
2018-10-24,5.6,5.6
2018-10-25,4.1,4.1
2018-10-26,3.8,3.8
2018-10-27,2.7,2.7
2018-10-28,1.1,1.1
2018-10-29,0.3,0.3
2018-10-30,0,0
2018-10-31,3.8,3.8
2018-11-01,4.6,4.6
2018-11-02,6.6,6.6
2018-11-03,4.9,4.9
2018-11-04,6.5,NA
2018-11-05,7.2,NA
2018-11-06,6.6,NA
2018-11-07,6.9,NA
2018-11-08,6.9,NA
2018-11-09,7.7,NA
2018-11-10,7.4,NA
2018-11-11,7.9,NA
2018-11-12,9.2,NA
2018-11-13,8.4,NA
2018-11-14,6.1,NA
2018-11-15,5.7,NA
2018-11-16,8.9,NA
2018-11-17,6.7,NA
2018-11-18,3.9,NA
2018-11-19,3.1,NA
2018-11-20,-0.9,NA
2018-11-21,-0.5,NA
2018-11-22,0.8,NA
2018-11-23,-4.3,NA
2018-11-24,-6.7,NA
2018-11-25,-1,NA
2018-11-26,-1.8,NA
2018-11-27,-5.6,NA
2018-11-28,-6,NA
2018-11-29,-2.4,NA
2018-11-30,3,NA
2018-12-01,6.3,NA
2018-12-02,4.3,NA
2018-12-03,4.7,NA
2018-12-04,5.3,NA
2018-12-05,1.8,NA
2018-12-06,-1.9,NA
2018-12-07,-1.3,NA
2018-12-08,-0.3,NA
2018-12-09,-0.5,NA
2018-12-10,-0.7,NA
2018-12-11,3.7,NA
2018-12-12,0.5,NA
2018-12-13,-4.6,NA
2018-12-14,-6.8,NA
2018-12-15,-9.2,NA
2018-12-16,-4,NA
2018-12-17,-0.6,NA
2018-12-18,-2.9,NA
2018-12-19,-3.7,NA
2018-12-20,0.9,NA
2018-12-21,0.6,NA
2018-12-22,-1.8,NA
2018-12-23,-4,NA
2018-12-24,-6.5,NA
2018-12-25,-5.7,NA
2018-12-26,-0.8,NA
2018-12-27,0.3,NA
2018-12-28,-0.8,NA
2018-12-29,-3.2,NA
2018-12-30,-2.2,NA
2018-12-31,-1,NA
2019-01-01,2.7,NA
2019-01-02,4.1,NA
2019-01-03,1.3,NA
2019-01-04,0.2,NA
2019-01-05,4.5,NA
2019-01-06,0.8,NA
2019-01-07,-0.8,NA
2019-01-08,-0.6,NA
2019-01-09,1.5,NA
2019-01-10,-0.8,NA
2019-01-11,-1.6,NA
2019-01-12,-1.2,NA
2019-01-13,-4.7,NA
2019-01-14,-2.3,NA
2019-01-15,-0.5,NA
2019-01-16,-4.7,NA
2019-01-17,-6.1,NA
2019-01-18,-6.2,NA
2019-01-19,-4,NA
2019-01-20,-4.6,NA
2019-01-21,-5.7,NA
2019-01-22,-5,NA
2019-01-23,-3.4,NA
2019-01-24,-1.7,NA
2019-01-25,-2.5,NA
2019-01-26,-3.5,NA
2019-01-27,-4.6,NA
2019-01-28,-6,NA
2019-01-29,-6.9,NA
2019-01-30,-11.2,NA
2019-01-31,-8.8,NA
2019-02-01,-4.7,NA
2019-02-02,-2.8,NA
2019-02-03,-3.4,NA
2019-02-04,-6.8,NA
2019-02-05,-4.5,NA
2019-02-06,-4.3,NA
2019-02-07,-4.1,NA
2019-02-08,-1.7,NA
2019-02-09,1.1,NA
2019-02-10,2.6,NA
2019-02-11,1.7,NA
2019-02-12,-0.8,NA
2019-02-13,-0.2,NA
2019-02-14,4,NA
2019-02-15,2.5,NA
2019-02-16,2.4,NA
2019-02-17,1.5,NA
2019-02-18,3,NA
2019-02-19,3.5,NA
2019-02-20,2.2,NA
2019-02-21,1.4,NA
2019-02-22,-0.5,NA
2019-02-23,1,NA
2019-02-24,2.2,NA
2019-02-25,1.9,NA
2019-02-26,3.8,NA
2019-02-27,3.6,NA
2019-02-28,0.8,NA
2019-03-01,3.9,NA
2019-03-02,0,NA
2019-03-03,1.2,NA
2019-03-04,3,NA
2019-03-05,1.1,NA
2019-03-06,-2.5,NA
2019-03-07,-0.7,NA
2019-03-08,1.5,NA
2019-03-09,-0.1,NA
2019-03-10,-2.6,NA
2019-03-11,-2.5,NA
2019-03-12,-2.3,NA
2019-03-13,-0.9,NA
2019-03-14,-0.6,NA
2019-03-15,-0.6,NA
2019-03-16,0.4,NA
2019-03-17,0.7,NA
2019-03-18,1.8,NA
2019-03-19,1.4,NA
2019-03-20,3.7,NA
2019-03-21,7.4,NA
2019-03-22,5.9,NA
2019-03-23,4.5,NA
2019-03-24,5.9,NA
2019-03-25,3.8,NA
2019-03-26,4.1,NA
2019-03-27,3.9,NA
2019-03-28,6.1,NA
2019-03-29,8.5,NA
2019-03-30,9,NA
2019-03-31,5.6,NA
2019-04-01,2,NA
2019-04-02,3.3,NA
2019-04-03,5.1,NA
2019-04-04,4.9,NA
2019-04-05,9.1,NA
2019-04-06,4.7,NA
2019-04-07,6.4,NA
2019-04-08,5.4,NA
2019-04-09,3.3,NA
2019-04-10,2.8,NA
2019-04-11,2.2,NA
2019-04-12,2.1,NA
2019-04-13,4.5,NA
2019-04-14,5.2,NA
2019-04-15,5.1,NA
2019-04-16,7,NA
2019-04-17,6.8,NA
2019-04-18,8.2,NA
2019-04-19,10.5,NA
2019-04-20,11.1,NA
2019-04-21,12,NA
2019-04-22,12.3,NA
2019-04-23,11.4,NA
2019-04-24,14.5,NA
2019-04-25,15.9,NA
2019-04-26,13.6,NA
2019-04-27,15.3,NA
2019-04-28,13.8,NA
2019-04-29,13.9,NA
2019-04-30,18,NA
2019-05-01,15.7,NA
2019-05-02,11.8,NA
2019-05-03,5.3,NA
2019-05-04,4.1,NA
2019-05-05,5.5,NA
2019-05-06,6.2,NA
2019-05-07,3,NA
2019-05-08,4.3,NA
2019-05-09,6.9,NA
2019-05-10,7.5,NA
2019-05-11,8.6,NA
2019-05-12,7.4,NA
2019-05-13,7.5,NA
2019-05-14,9.2,NA
2019-05-15,10.5,NA
2019-05-16,13.8,NA
2019-05-17,16.7,NA
2019-05-18,17.1,NA
2019-05-19,13.1,NA
2019-05-20,14.3,NA
2019-05-21,15.5,NA
2019-05-22,19.2,NA
2019-05-23,15.1,NA
2019-05-24,11.2,NA
2019-05-25,9.9,NA
2019-05-26,13.1,NA
2019-05-27,11.4,NA
2019-05-28,10.1,NA
2019-05-29,9.9,NA
2019-05-30,11.2,NA
2019-05-31,8.4,NA
2019-06-01,13.2,NA
2019-06-02,11.7,NA
2019-06-03,13.7,NA
2019-06-04,12.9,NA
2019-06-05,13.5,NA
2019-06-06,14.3,NA
2019-06-07,19.7,NA
2019-06-08,14,NA
2019-06-09,14,NA
2019-06-10,12.3,NA
2019-06-11,14.2,NA
2019-06-12,15.4,NA
2019-06-13,9.7,NA
2019-06-14,12.6,NA
2019-06-15,14.9,NA
2019-06-16,20.5,NA
2019-06-17,15.6,NA
2019-06-18,16.3,NA
2019-06-19,15.4,NA
2019-06-20,16.1,NA
2019-06-21,15.5,NA
2019-06-22,14,NA
2019-06-23,15.2,NA
2019-06-24,15.7,NA
2019-06-25,19.5,NA
2019-06-26,14.4,NA
2019-06-27,16.7,NA
2019-06-28,17.9,NA
2019-06-29,18.4,NA
2019-06-30,20.1,NA
2019-07-01,19,NA
2019-07-02,16.7,NA
2019-07-03,14,NA
2019-07-04,12.9,NA
2019-07-05,13.1,NA
2019-07-06,16.1,NA
2019-07-07,13.3,NA
2019-07-08,15,NA
2019-07-09,16.4,NA
2019-07-10,17.3,NA
2019-07-11,19.8,NA
2019-07-12,19.5,NA
2019-07-13,19.2,NA
2019-07-14,19.3,NA
2019-07-15,17.9,NA
2019-07-16,15.4,NA
2019-07-17,16.6,NA
2019-07-18,18.1,NA
2019-07-19,16.3,NA
2019-07-20,16.5,NA
2019-07-21,18.1,NA
2019-07-22,16.1,NA
2019-07-23,17.2,NA
2019-07-24,21,NA
2019-07-25,20,NA
2019-07-26,22.3,NA
2019-07-27,26.6,NA
2019-07-28,24.9,NA
2019-07-29,24.8,NA
2019-07-30,23.5,NA
2019-07-31,12.7,NA
2019-08-01,15.2,NA
2019-08-02,18.2,NA
2019-08-03,20.6,NA
2019-08-04,19.6,NA
2019-08-05,17.2,NA
2019-08-06,15.5,NA
2019-08-07,16.3,NA
2019-08-08,17.2,NA
2019-08-09,17.1,NA
2019-08-10,18.9,NA
2019-08-11,16.3,NA
2019-08-12,17.4,NA
2019-08-13,17.1,NA
2019-08-14,16.2,NA
2019-08-15,13.6,NA
2019-08-16,15.5,NA
2019-08-17,15.6,NA
2019-08-18,15,NA
2019-08-19,15.2,NA
2019-08-20,14.6,NA
2019-08-21,15.8,NA
2019-08-22,15,NA
2019-08-23,13.8,NA
2019-08-24,16.3,NA
2019-08-25,18.3,NA
2019-08-26,18.4,NA
2019-08-27,18,NA
2019-08-28,20.4,NA
2019-08-29,19.1,NA
2019-08-30,15.6,NA
2019-08-31,16.9,NA
2019-09-01,16.6,NA
2019-09-02,13.8,NA
2019-09-03,13.3,NA
2019-09-04,12,NA
2019-09-05,11.3,NA
2019-09-06,10.3,NA
2019-09-07,11.6,NA
2019-09-08,10.2,NA
2019-09-09,11.3,NA
2019-09-10,13,NA
2019-09-11,15.6,NA
2019-09-12,12,NA
2019-09-13,12.7,NA
2019-09-14,11.3,NA
2019-09-15,11.6,NA
2019-09-16,12.7,NA
2019-09-17,10.7,NA
2019-09-18,9.6,NA
2019-09-19,9.3,NA
2019-09-20,9.1,NA
2019-09-21,12.2,NA
2019-09-22,13.1,NA
2019-09-23,13,NA
2019-09-24,10,NA
2019-09-25,10.6,NA
2019-09-26,10.6,NA
2019-09-27,10.5,NA
2019-09-28,9.6,NA
2019-09-29,10.6,NA
2019-09-30,10.7,NA
2019-10-01,5.7,NA
2019-10-02,9.1,NA
2019-10-03,8.2,NA
2019-10-04,3.9,NA
2019-10-05,3.4,NA
2019-10-06,2.6,NA
2019-10-07,1.4,NA
2019-10-08,3.7,NA
2019-10-09,4.1,NA
2019-10-10,5,NA
2019-10-11,7,NA
2019-10-12,7,NA
2019-10-13,6.3,NA
2019-10-14,8,NA
2019-10-15,7.8,NA
2019-10-16,6,NA
2019-10-17,6.8,NA
2019-10-18,6.9,NA
2019-10-19,7.6,NA
2019-10-20,6.1,NA
2019-10-21,4.5,NA
2019-10-22,4.4,NA
2019-10-23,8.1,NA
2019-10-24,8.1,NA
2019-10-25,10.1,NA
2019-10-26,7.1,NA
2019-10-27,4.3,NA
2019-10-28,2.3,NA
2019-10-29,1.6,NA
2019-10-30,1.5,NA
2019-10-31,1.1,NA
2019-11-01,2.5,NA
2019-11-02,1.3,NA
2019-11-03,1.9,NA
2019-11-04,1.1,NA
2019-11-05,-0.8,NA
2019-11-06,-2.7,NA
2019-11-07,-3,NA
2019-11-08,-2.3,NA
2019-11-09,-1,NA
2019-11-10,-0.7,NA
2019-11-11,-2.2,NA
2019-11-12,-1.6,NA
2019-11-13,2.3,NA
2019-11-14,2.8,NA
2019-11-15,2.7,NA
2019-11-16,3,NA
2019-11-17,2.5,NA
2019-11-18,2.7,NA
2019-11-19,4.5,NA
2019-11-20,3.3,NA
2019-11-21,2.5,NA
2019-11-22,5.4,NA
2019-11-23,4.8,NA
2019-11-24,4.4,NA
2019-11-25,2.4,NA
2019-11-26,1.7,NA
2019-11-27,1.7,NA
2019-11-28,1.5,NA
2019-11-29,0,NA
2019-11-30,-2.7,NA
2019-12-01,-5.6,NA
2019-12-02,-5.2,NA
2019-12-03,-5.2,NA
2019-12-04,-1,NA
2019-12-05,0.7,NA
2019-12-06,4.7,NA
2019-12-07,2.1,NA
2019-12-08,-0.1,NA
2019-12-09,0.4,NA
2019-12-10,-0.5,-0.5
2019-12-11,0.3,0.3
2019-12-12,4.5,4.5
2019-12-13,2.8,2.8
2019-12-14,2.2,2.2
2019-12-15,1.9,1.9
2019-12-16,1.2,1.2
2019-12-17,-0.6,-0.6
2019-12-18,-2.3,-2.3
2019-12-19,-4.8,-4.8
2019-12-20,-0.3,-0.3
2019-12-21,2.8,2.8
2019-12-22,3.1,3.1
2019-12-23,1.9,1.9
2019-12-24,1.8,1.8
2019-12-25,1.1,1.1
2019-12-26,-1.3,-1.3
2019-12-27,-2.7,-2.7
2019-12-28,-4.7,-4.7
2019-12-29,0.8,0.8
2019-12-30,5.1,5.1
2019-12-31,5,5
2020-01-01,0.6,0.6
2020-01-02,1.7,1.7
2020-01-03,5.6,5.6
2020-01-04,3.1,3.1
2020-01-05,-0.4,-0.4
2020-01-06,0.7,0.7
2020-01-07,3.6,3.6
2020-01-08,5.6,5.6
2020-01-09,4.3,4.3
2020-01-10,1.3,1.3
2020-01-11,-2.3,-2.3
2020-01-12,5,5
2020-01-13,0.3,0.3
2020-01-14,1.1,1.1
2020-01-15,4.4,4.4
2020-01-16,4.7,4.7
2020-01-17,5.1,5.1
2020-01-18,5.4,5.4
2020-01-19,2.5,2.5
2020-01-20,1.8,1.8
2020-01-21,5.1,5.1
2020-01-22,5.3,5.3
2020-01-23,1.6,1.6
2020-01-24,1.5,1.5
2020-01-25,2.5,2.5
2020-01-26,2.3,2.3
2020-01-27,4,4
2020-01-28,3.7,3.7
2020-01-29,2.1,2.1
2020-01-30,1.2,1.2
2020-01-31,-0.2,-0.2
2020-02-01,1.5,1.5
2020-02-02,4.5,4.5
2020-02-03,1.2,1.2
2020-02-04,-0.5,-0.5
2020-02-05,-3.4,-3.4
2020-02-06,0.3,0.3
2020-02-07,2.2,2.2
2020-02-08,1.7,1.7
2020-02-09,3.6,3.6
2020-02-10,5.2,5.2
2020-02-11,3.8,3.8
2020-02-12,2.7,2.7
2020-02-13,2,2
2020-02-14,-0.2,-0.2
2020-02-15,1,1
2020-02-16,6,6
2020-02-17,5.1,5.1
2020-02-18,6.2,6.2
2020-02-19,3.2,3.2
2020-02-20,1,1
2020-02-21,3.3,3.3
2020-02-22,5,5
2020-02-23,4.9,4.9
2020-02-24,2.7,2.7
2020-02-25,1.5,1.5
2020-02-26,-0.2,-0.2
2020-02-27,-3.4,-3.4
2020-02-28,-4.2,-4.2
2020-02-29,-1.5,-1.5
2020-03-01,-0.6,-0.6
2020-03-02,2.4,2.4
2020-03-03,3,3
2020-03-04,1.4,1.4
2020-03-05,0.1,0.1
2020-03-06,0.4,0.4
2020-03-07,-2.4,-2.4
2020-03-08,-0.2,-0.2
2020-03-09,5,5
2020-03-10,4.7,4.7
2020-03-11,3,3
2020-03-12,4.8,4.8
2020-03-13,3.7,3.7
2020-03-14,-0.7,-0.7
2020-03-15,1.9,1.9
2020-03-16,4.5,4.5
2020-03-17,4.7,4.7
2020-03-18,7.3,7.3
2020-03-19,4.7,4.7
2020-03-20,4.8,4.8
2020-03-21,2.2,2.2
2020-03-22,0.9,0.9
2020-03-23,2.6,2.6
2020-03-24,3.6,3.6
2020-03-25,4.6,4.6
2020-03-26,5.9,5.9
2020-03-27,5.4,5.4
2020-03-28,3.1,3.1
2020-03-29,2.1,2.1
2020-03-30,3,3
2020-03-31,1.5,1.5
2020-04-01,5.9,5.9
2020-04-02,6.1,6.1
2020-04-03,3.5,3.5
2020-04-04,2.7,2.7
2020-04-05,4.4,4.4
2020-04-06,5,5
2020-04-07,8.3,8.3
2020-04-08,8,8
2020-04-09,7.2,7.2
2020-04-10,6.1,6.1
2020-04-11,5.4,5.4
2020-04-12,4.8,4.8
2020-04-13,6.5,6.5
2020-04-14,3.1,3.1
2020-04-15,5.7,5.7
2020-04-16,11.5,11.5
2020-04-17,6.7,6.7
2020-04-18,6.2,6.2
2020-04-19,7.5,7.5
2020-04-20,11,11
2020-04-21,13.4,13.4
2020-04-22,13.3,13.3
2020-04-23,13.8,13.8
2020-04-24,13.2,13.2
2020-04-25,8.2,8.2
2020-04-26,9.5,9.5
2020-04-27,9.5,9.5
2020-04-28,4,4
2020-04-29,4,4
2020-04-30,6.1,6.1
2020-05-01,4.6,4.6
2020-05-02,7.3,7.3
2020-05-03,9.2,9.2
2020-05-04,7.9,7.9
2020-05-05,7.2,7.2
2020-05-06,8.8,8.8
2020-05-07,11,11
2020-05-08,10,10
2020-05-09,10.4,10.4
2020-05-10,10.1,10.1
2020-05-11,3.3,3.3
2020-05-12,5.7,5.7
2020-05-13,4.3,4.3
2020-05-14,6.1,6.1
2020-05-15,6.9,6.9
2020-05-16,7.3,7.3
2020-05-17,7.4,7.4
2020-05-18,8.6,8.6
2020-05-19,9.6,9.6
2020-05-20,10.1,10.1
2020-05-21,10.6,10.6
2020-05-22,13.2,13.2
2020-05-23,12.6,12.6
2020-05-24,10.4,10.4
2020-05-25,11.7,11.7
2020-05-26,14.9,14.9
2020-05-27,12.7,12.7
2020-05-28,13.4,13.4
2020-05-29,14,14
2020-05-30,17.4,17.4
2020-05-31,17.9,17.9
2020-06-01,18.7,18.7
2020-06-02,20,20
2020-06-03,19,19
2020-06-04,17.8,17.8
2020-06-05,15.7,15.7
2020-06-06,11.5,11.5
2020-06-07,10.7,10.7
2020-06-08,11.9,11.9
2020-06-09,12.8,12.8
2020-06-10,14.6,14.6
2020-06-11,17.4,17.4
2020-06-12,20.9,20.9
2020-06-13,21.6,21.6
2020-06-14,20.6,20.6
2020-06-15,20.2,20.2
2020-06-16,23.9,23.9
2020-06-17,22,22
2020-06-18,21.6,21.6
2020-06-19,23.7,23.7
2020-06-20,24.7,24.7
2020-06-21,21.7,21.7
2020-06-22,17,17
2020-06-23,15.5,15.5
2020-06-24,20.3,20.3
2020-06-25,21.9,21.9
2020-06-26,21.5,21.5
2020-06-27,23.2,23.2
2020-06-28,24,24
2020-06-29,16.9,16.9
2020-06-30,15.9,15.9
2020-07-01,14.6,14.6
2020-07-02,13.5,13.5
2020-07-03,13.6,13.6
2020-07-04,12.2,12.2
2020-07-05,14.7,14.7
2020-07-06,13.5,13.5
2020-07-07,13.2,13.2
2020-07-08,10.8,10.8
2020-07-09,13.6,13.6
2020-07-10,15.1,15.1
2020-07-11,14.2,14.2
2020-07-12,15.8,15.8
2020-07-13,15.6,15.6
2020-07-14,16.1,16.1
2020-07-15,14.1,14.1
2020-07-16,17.1,17.1
2020-07-17,16.9,16.9
2020-07-18,17.1,17.1
2020-07-19,15.9,15.9
2020-07-20,15.5,15.5
2020-07-21,16.5,16.5
2020-07-22,13.8,13.8
2020-07-23,13.3,13.3
2020-07-24,15,15
2020-07-25,16,16
2020-07-26,16.9,16.9
2020-07-27,15.5,15.5
2020-07-28,16.2,16.2
2020-07-29,13.9,13.9
2020-07-30,13.8,13.8
2020-07-31,18.8,18.8
2020-08-01,20,20
2020-08-02,19.7,19.7
2020-08-03,15.2,15.2
2020-08-04,16.6,16.6
2020-08-05,16.2,16.2
2020-08-06,15.2,15.2
2020-08-07,17.9,17.9
2020-08-08,19.8,19.8
2020-08-09,20.1,20.1
2020-08-10,19.7,19.7
2020-08-11,18.1,18.1
2020-08-12,20.4,20.4
2020-08-13,20.3,20.3
2020-08-14,19.3,19.3
2020-08-15,20.5,20.5
2020-08-16,18.8,18.8
2020-08-17,18.2,18.2
2020-08-18,20.5,20.5
2020-08-19,21.1,21.1
2020-08-20,19.6,19.6
2020-08-21,20,20
2020-08-22,18,18
2020-08-23,16.8,16.8
2020-08-24,14.1,14.1
2020-08-25,12.5,12.5
2020-08-26,13.1,13.1
2020-08-27,12.2,12.2
2020-08-28,13.6,13.6
2020-08-29,14.3,14.3
2020-08-30,13.1,13.1
2020-08-31,12.5,12.5
2020-09-01,12,12
2020-09-02,13.4,13.4
2020-09-03,14.8,14.8
2020-09-04,15.1,15.1
2020-09-05,14.7,14.7
2020-09-06,11.9,11.9
2020-09-07,11.7,11.7
2020-09-08,13.4,13.4
2020-09-09,15.4,15.4
2020-09-10,11.8,11.8
2020-09-11,11.1,11.1
2020-09-12,12.3,12.3
2020-09-13,11.5,11.5
2020-09-14,13.1,13.1
2020-09-15,15.9,15.9
2020-09-16,14.9,14.9
2020-09-17,10.7,10.7
2020-09-18,10,10
2020-09-19,14.4,14.4
2020-09-20,12.8,12.8
2020-09-21,13.5,13.5
2020-09-22,14.3,14.3
2020-09-23,13.9,13.9
2020-09-24,14.6,14.6
2020-09-25,11.4,11.4
2020-09-26,9.8,9.8
2020-09-27,9.4,9.4
2020-09-28,11.9,11.9
2020-09-29,13.2,13.2
2020-09-30,12,12
2020-10-01,12.9,12.9
2020-10-02,11.6,11.6
2020-10-03,13.2,13.2
2020-10-04,12.9,12.9
2020-10-05,13,13
2020-10-06,12.2,12.2
2020-10-07,11.1,11.1
2020-10-08,11.1,11.1
2020-10-09,10,10
2020-10-10,9.5,9.5
2020-10-11,7.5,7.5
2020-10-12,7.9,7.9
2020-10-13,7.5,7.5
2020-10-14,6.8,6.8
2020-10-15,6.4,6.4
2020-10-16,7.9,7.9
2020-10-17,6.3,6.3
2020-10-18,5.2,5.2
2020-10-19,3.8,3.8
2020-10-20,3.6,3.6
2020-10-21,4.1,4.1
2020-10-22,7.3,7.3
2020-10-23,6.6,6.6
2020-10-24,4.5,4.5
2020-10-25,7.1,7.1
2020-10-26,9.2,9.2
2020-10-27,8.3,8.3
2020-10-28,8.3,8.3
2020-10-29,8.6,8.6
2020-10-30,5.1,5.1
2020-10-31,5.4,5.4
2020-11-01,7.9,7.9
2020-11-02,10.3,10.3
2020-11-03,9.7,9.7
2020-11-04,6.5,6.5
2020-11-05,5.6,5.6
2020-11-06,11.4,11.4
2020-11-07,8.7,8.7
2020-11-08,4,4
2020-11-09,1.1,1.1
2020-11-10,3,3
2020-11-11,4.8,4.8
2020-11-12,5.9,5.9
2020-11-13,5.3,5.3
2020-11-14,6.3,6.3
2020-11-15,6.7,6.7
2020-11-16,10.1,10.1
2020-11-17,7.9,7.9
2020-11-18,7.9,7.9
2020-11-19,10,10
2020-11-20,1.7,1.7
2020-11-21,1.3,1.3
2020-11-22,5.6,5.6
2020-11-23,5,5
2020-11-24,4.4,4.4
2020-11-25,6.5,6.5
2020-11-26,7,7
2020-11-27,1,1
2020-11-28,-2.3,-2.3
2020-11-29,-1.4,-1.4
2020-11-30,-2.5,-2.5
2020-12-01,2.4,2.4
2020-12-02,0.4,0.4
2020-12-03,1.9,1.9
2020-12-04,1.5,1.5
2020-12-05,1.7,1.7
2020-12-06,2.8,2.8
2020-12-07,3.8,3.8
2020-12-08,4.5,4.5
2020-12-09,2.4,2.4
2020-12-10,2.2,2.2
2020-12-11,2,2
2020-12-12,1.1,1.1
2020-12-13,2.2,2.2
2020-12-14,2.7,2.7
2020-12-15,2.2,2.2
2020-12-16,2.1,2.1
2020-12-17,-0.2,-0.2
2020-12-18,3.2,3.2
2020-12-19,4,4
2020-12-20,6.4,6.4
2020-12-21,6.7,6.7
2020-12-22,4.9,4.9
2020-12-23,3,3
2020-12-24,-0.2,-0.2
2020-12-25,0.1,0.1
2020-12-26,-1.9,-1.9
2020-12-27,2.1,2.1
2020-12-28,1.9,1.9
2020-12-29,1.6,1.6
2020-12-30,2.3,2.3
2020-12-31,1.2,1.2
2021-01-01,0.1,0.1
2021-01-02,0.6,0.6
2021-01-03,0.7,0.7
2021-01-04,-2.5,-2.5
2021-01-05,-3.2,-3.2
2021-01-06,-8.7,-8.7
2021-01-07,-7.5,-7.5
2021-01-08,-5.1,-5.1
2021-01-09,-4.4,-4.4
2021-01-10,-4.1,-4.1
2021-01-11,-4.6,-4.6
2021-01-12,-7.2,-7.2
2021-01-13,-6.3,-6.3
2021-01-14,-4.3,-4.3
2021-01-15,-7.4,-7.4
2021-01-16,-10.2,-10.2
2021-01-17,-9.2,-9.2
2021-01-18,-5.5,-5.5
2021-01-19,-2.3,-2.3
2021-01-20,-0.2,-0.2
2021-01-21,1.3,1.3
2021-01-22,3.6,3.6
2021-01-23,2.6,2.6
2021-01-24,0.8,0.8
2021-01-25,-0.7,-0.7
2021-01-26,-7,-7
2021-01-27,-8,-8
2021-01-28,-8.1,-8.1
2021-01-29,-9.7,-9.7
2021-01-30,-11.7,-11.7
2021-01-31,-10.6,-10.6
2021-02-01,-9.2,-9.2
2021-02-02,-8.2,-8.2
2021-02-03,-5.7,-5.7
2021-02-04,-8.3,-8.3
2021-02-05,-8.9,-8.9
2021-02-06,-6.4,-6.4
2021-02-07,-6.4,-6.4
2021-02-08,-6.8,-6.8
2021-02-09,-5,-5
2021-02-10,-8.1,-8.1
2021-02-11,-7.8,-7.8
2021-02-12,-8.9,-8.9
2021-02-13,-7.8,-7.8
2021-02-14,-9.1,-9.1
2021-02-15,-8.6,-8.6
2021-02-16,-4.7,-4.7
2021-02-17,-2.3,-2.3
2021-02-18,-2.6,-2.6
2021-02-19,-1.4,-1.4
2021-02-20,1.2,1.2
2021-02-21,2.6,2.6
2021-02-22,2.6,2.6
2021-02-23,3.3,3.3
2021-02-24,2,2
2021-02-25,4.4,4.4
2021-02-26,2.6,2.6
2021-02-27,4.3,4.3
2021-02-28,2.2,2.2
2021-03-01,3.4,3.4
2021-03-02,3.3,3.3
2021-03-03,4,4
2021-03-04,-0.6,-0.6
2021-03-05,1.3,1.3
2021-03-06,0.3,0.3
2021-03-07,3.4,3.4
2021-03-08,-0.4,-0.4
2021-03-09,-0.3,-0.3
2021-03-10,2,2
2021-03-11,-1.4,-1.4
2021-03-12,0.6,0.6
2021-03-13,1.3,1.3
2021-03-14,1.7,1.7
2021-03-15,2.7,2.7
2021-03-16,3.8,3.8
2021-03-17,2.2,2.2
2021-03-18,1.7,1.7
2021-03-19,4.3,4.3
2021-03-20,0.1,0.1
2021-03-21,3.7,3.7
2021-03-22,4.6,4.6
2021-03-23,6.8,6.8
2021-03-24,6.1,6.1
2021-03-25,5.3,5.3
2021-03-26,4.6,4.6
2021-03-27,5.4,5.4
2021-03-28,2.2,2.2
2021-03-29,4.7,4.7
2021-03-30,8.3,8.3
2021-03-31,12.1,12.1
2021-04-01,4.4,4.4
2021-04-02,5.3,5.3
2021-04-03,4.7,4.7
2021-04-04,4.4,4.4
2021-04-05,4.9,4.9
2021-04-06,3.5,3.5
2021-04-07,3.2,3.2
2021-04-08,3.7,3.7
2021-04-09,4.1,4.1
2021-04-10,3.7,3.7
2021-04-11,3.6,3.6
2021-04-12,3.7,3.7
2021-04-13,1.8,1.8
2021-04-14,1.9,1.9
2021-04-15,6.2,6.2
2021-04-16,7.2,7.2
2021-04-17,8.9,8.9
2021-04-18,10.5,10.5
2021-04-19,11.2,11.2
2021-04-20,10.4,10.4
2021-04-21,10.6,10.6
2021-04-22,5.8,5.8
2021-04-23,6.3,6.3
2021-04-24,5.5,5.5
2021-04-25,4.5,4.5
2021-04-26,4.4,4.4
2021-04-27,5.2,5.2
2021-04-28,5.8,5.8
2021-04-29,6.7,6.7
2021-04-30,6.8,6.8
2021-05-01,7.5,7.5
2021-05-02,7.2,7.2
2021-05-03,8,8
2021-05-04,5.6,5.6
2021-05-05,5.4,5.4
2021-05-06,3.2,3.2
2021-05-07,6.1,6.1
2021-05-08,6.6,6.6
2021-05-09,8.5,8.5
2021-05-10,6.6,6.6
2021-05-11,9.6,9.6
2021-05-12,10.7,10.7
2021-05-13,9.8,9.8
2021-05-14,15.5,15.5
2021-05-15,14.3,14.3
2021-05-16,9.9,9.9
2021-05-17,10.4,10.4
2021-05-18,8.4,8.4
2021-05-19,10.5,10.5
2021-05-20,11.9,11.9
2021-05-21,11.2,11.2
2021-05-22,11,11
2021-05-23,10.9,10.9
2021-05-24,10.9,10.9
2021-05-25,10.7,10.7
2021-05-26,11.3,11.3
2021-05-27,10.2,10.2
2021-05-28,12.3,12.3
2021-05-29,18.4,18.4
2021-05-30,18,18
2021-05-31,18.6,18.6
2021-06-01,18.4,18.4
2021-06-02,19,19
2021-06-03,18.9,18.9
2021-06-04,18.4,18.4
2021-06-05,19.3,19.3
2021-06-06,20.4,20.4
2021-06-07,18.8,18.8
2021-06-08,17.3,17.3
2021-06-09,16.9,16.9
2021-06-10,17.5,17.5
2021-06-11,18.2,18.2
2021-06-12,16.5,16.5
2021-06-13,16.4,16.4
2021-06-14,17.7,17.7
2021-06-15,13.5,13.5
2021-06-16,16.2,16.2
2021-06-17,15.6,15.6
2021-06-18,19.1,19.1
2021-06-19,19.2,19.2
2021-06-20,16.9,16.9
2021-06-21,15.7,15.7
2021-06-22,14.4,14.4
2021-06-23,14.4,14.4
2021-06-24,18.4,18.4
2021-06-25,16.8,16.8
2021-06-26,16.4,16.4
2021-06-27,19.3,19.3
2021-06-28,15.8,15.8
2021-06-29,16.6,16.6
2021-06-30,17.2,17.2
2021-07-01,18.2,18.2
2021-07-02,20.6,20.6
2021-07-03,21.9,21.9
2021-07-04,24.2,24.2
2021-07-05,19.9,19.9
2021-07-06,20.6,20.6
2021-07-07,18.5,18.5
2021-07-08,18,18
2021-07-09,17.7,17.7
2021-07-10,19.2,19.2
2021-07-11,15.9,15.9
2021-07-12,18.8,18.8
2021-07-13,18.9,18.9
2021-07-14,23.5,23.5
2021-07-15,20.9,20.9
2021-07-16,23.5,23.5
2021-07-17,21.6,21.6
2021-07-18,21.7,21.7
2021-07-19,17.8,17.8
2021-07-20,18.6,18.6
2021-07-21,19.5,19.5
2021-07-22,18.9,18.9
2021-07-23,21.2,21.2
2021-07-24,20.5,20.5
2021-07-25,22.4,22.4
2021-07-26,23.8,23.8
2021-07-27,21.4,21.4
2021-07-28,18.1,18.1
2021-07-29,17.9,17.9
2021-07-30,14.5,14.5
2021-07-31,20.6,20.6
2021-08-01,16.3,16.3
2021-08-02,14.5,14.5
2021-08-03,14.7,14.7
2021-08-04,14.7,14.7
2021-08-05,16.3,16.3
2021-08-06,16.7,16.7
2021-08-07,17.7,17.7
2021-08-08,16.3,16.3
2021-08-09,18.1,18.1
2021-08-10,17.6,17.6
2021-08-11,17.3,17.3
2021-08-12,17.7,17.7
2021-08-13,18.3,18.3
2021-08-14,15.3,15.3
2021-08-15,15.3,15.3
2021-08-16,15.5,15.5
2021-08-17,15.9,15.9
2021-08-18,16.6,16.6
2021-08-19,15.1,15.1
2021-08-20,14.4,14.4
2021-08-21,14.7,14.7
2021-08-22,15.3,15.3
2021-08-23,14.9,14.9
2021-08-24,17.3,17.3
2021-08-25,17.5,17.5
2021-08-26,16.7,16.7
2021-08-27,14.7,14.7
2021-08-28,15.7,15.7
2021-08-29,16.9,16.9
2021-08-30,18.7,18.7
2021-08-31,18.4,18.4
2021-09-01,18.2,18.2
2021-09-02,17.4,17.4
2021-09-03,17.8,17.8
2021-09-04,13.6,13.6
2021-09-05,12,12
2021-09-06,14.1,14.1
2021-09-07,14.7,14.7
2021-09-08,16.2,16.2
2021-09-09,18.4,18.4
2021-09-10,17.8,17.8
2021-09-11,17.4,17.4
2021-09-12,16.2,16.2
2021-09-13,14,14
2021-09-14,12.5,12.5
2021-09-15,12.9,12.9
2021-09-16,14,14
2021-09-17,10.5,10.5
2021-09-18,9.8,9.8
2021-09-19,10.5,10.5
2021-09-20,10.1,10.1
2021-09-21,9.4,9.4
2021-09-22,11.1,11.1
2021-09-23,14,14
2021-09-24,9.3,9.3
2021-09-25,9.3,9.3
2021-09-26,11.8,11.8
2021-09-27,12.4,12.4
2021-09-28,12.7,12.7
2021-09-29,12.7,12.7
2021-09-30,11.8,11.8
2021-10-01,10.5,10.5
2021-10-02,12.1,12.1
2021-10-03,12,12
2021-10-04,11.9,11.9
2021-10-05,12.1,12.1
2021-10-06,11.7,11.7
2021-10-07,10.2,10.2
2021-10-08,11.5,11.5
2021-10-09,12.9,12.9
2021-10-10,12.1,12.1
2021-10-11,8.3,8.3
2021-10-12,6.4,6.4
2021-10-13,6.1,6.1
2021-10-14,6,6
2021-10-15,9.5,9.5
2021-10-16,6.5,6.5
2021-10-17,6.2,6.2
2021-10-18,2.9,2.9
2021-10-19,3.6,3.6
2021-10-20,3,3
2021-10-21,8.1,8.1
2021-10-22,6.3,6.3
2021-10-23,6.1,6.1
2021-10-24,5.7,5.7
2021-10-25,9.8,9.8
2021-10-26,9.4,9.4
2021-10-27,6.7,6.7
2021-10-28,10.1,10.1
2021-10-29,11.8,11.8
2021-10-30,10.8,10.8
2021-10-31,10.6,10.6
2021-11-01,9.5,9.5
2021-11-02,10.4,10.4
2021-11-03,8.5,8.5
2021-11-04,6.1,6.1
2021-11-05,2.6,2.6
2021-11-06,1.3,1.3
2021-11-07,3.9,3.9
2021-11-08,3.1,3.1
2021-11-09,2.7,2.7
2021-11-10,7.8,7.8
2021-11-11,4,4
2021-11-12,4.8,4.8
2021-11-13,3.4,3.4
2021-11-14,3,3
2021-11-15,0.8,0.8
2021-11-16,5.4,5.4
2021-11-17,7.8,7.8
2021-11-18,3.3,3.3
2021-11-19,3.2,3.2
2021-11-20,8.5,8.5
2021-11-21,4.5,4.5
2021-11-22,0.1,0.1
2021-11-23,-0.6,-0.6
2021-11-24,1.4,1.4
2021-11-25,3,3
2021-11-26,-0.9,-0.9
2021-11-27,-2.4,-2.4
2021-11-28,-3.1,-3.1
2021-11-29,-3.8,-3.8
2021-11-30,-5.7,-5.7
2021-12-01,-7.8,-7.8
2021-12-02,-7.7,-7.7
2021-12-03,-6.9,-6.9
2021-12-04,-7.9,-7.9
2021-12-05,-5.3,-5.3
2021-12-06,-7.5,-7.5
2021-12-07,-9.7,-9.7
2021-12-08,-8.1,-8.1
2021-12-09,-3,-3
2021-12-10,-0.9,-0.9
2021-12-11,0,0
2021-12-12,1.2,1.2
2021-12-13,1,1
2021-12-14,2.2,2.2
2021-12-15,1.7,1.7
2021-12-16,3.4,3.4
2021-12-17,2.6,2.6
2021-12-18,0.4,0.4
2021-12-19,2.5,2.5
2021-12-20,3.8,3.8
2021-12-21,-1.3,-1.3
2021-12-22,-2.6,-2.6
2021-12-23,-1.8,-1.8
2021-12-24,-5.4,-5.4
2021-12-25,-8.7,-8.7
2021-12-26,-4.8,-4.8
2021-12-27,-7.7,-7.7
2021-12-28,-7,-7
2021-12-29,-5.4,-5.4
2021-12-30,-4.6,-4.6
2021-12-31,0.1,0.1
