shot_id,shot_made_flag
4,0.0
11,0.0
12,0.0
13,0.0
14,0.0
21,0.0
24,0.0
26,1.0
28,0.0
39,0.0
40,0.0
43,0.0
48,1.0
52,1.0
59,1.0
73,1.0
94,0.0
102,1.0
129,0.0
130,0.0
137,0.0
148,0.0
162,1.0
168,0.0
170,1.0
171,0.0
177,0.0
185,0.0
186,0.0
200,0.0
214,0.0
218,1.0
220,1.0
232,1.0
236,0.0
239,1.0
249,0.0
258,1.0
261,0.0
265,0.0
268,0.0
270,0.0
272,0.0
273,0.0
281,0.0
284,1.0
297,0.0
298,0.0
307,0.0
311,0.0
319,0.0
323,0.0
334,0.0
341,0.0
345,0.0
350,0.0
353,0.0
367,0.0
368,0.0
370,0.0
373,0.0
376,0.0
387,0.0
402,0.0
417,0.0
436,1.0
438,0.0
442,0.0
443,0.0
444,0.0
447,0.0
458,0.0
462,0.0
469,0.0
476,0.0
477,0.0
481,0.0
495,0.0
513,0.0
514,1.0
515,0.0
527,0.0
530,0.0
531,0.0
538,1.0
562,0.0
572,0.0
576,1.0
585,0.0
589,0.0
598,0.0
606,0.0
611,0.0
620,0.0
623,0.0
624,0.0
630,0.0
639,0.0
643,0.0
658,0.0
680,0.0
683,0.0
691,0.0
695,1.0
698,0.0
701,0.0
706,0.0
710,1.0
713,0.0
715,0.0
716,0.0
724,0.0
726,1.0
738,0.0
758,0.0
772,0.0
775,0.0
790,1.0
794,1.0
796,0.0
801,0.0
803,0.0
822,0.0
834,0.0
842,0.0
844,0.0
845,0.0
867,0.0
869,0.0
879,0.0
885,0.0
896,0.0
905,0.0
907,0.0
910,0.0
914,1.0
928,0.0
930,1.0
933,0.0
938,1.0
951,0.0
960,0.0
962,1.0
965,1.0
970,0.0
986,0.0
1006,1.0
1010,0.0
1015,0.0
1047,0.0
1054,0.0
1065,0.0
1075,0.0
1080,1.0
1095,1.0
1096,0.0
1100,1.0
1104,1.0
1106,0.0
1108,0.0
1111,1.0
1119,0.0
1120,1.0
1124,0.0
1126,0.0
1136,0.0
1147,1.0
1148,1.0
1153,1.0
1159,1.0
1162,0.0
1175,0.0
1177,0.0
1191,0.0
1194,0.0
1196,0.0
1198,0.0
1199,0.0
1205,0.0
1212,0.0
1226,0.0
1230,0.0
1232,0.0
1246,0.0
1258,1.0
1259,0.0
1268,0.0
1271,0.0
1273,0.0
1284,0.0
1286,0.0
1288,1.0
1296,1.0
1297,0.0
1299,0.0
1307,1.0
1310,0.0
1333,1.0
1336,1.0
1342,0.0
1349,0.0
1352,0.0
1363,1.0
1367,0.0
1379,0.0
1384,0.0
1391,0.0
1395,1.0
1411,0.0
1412,0.0
1415,1.0
1417,0.0
1418,1.0
1419,0.0
1423,0.0
1435,0.0
1441,0.0
1442,0.0
1445,0.0
1462,0.0
1468,0.0
1470,0.0
1474,0.0
1480,0.0
1482,1.0
1487,1.0
1512,0.0
1516,1.0
1525,1.0
1526,1.0
1528,1.0
1532,0.0
1554,0.0
1556,0.0
1566,1.0
1570,1.0
1572,0.0
1576,0.0
1580,0.0
1582,1.0
1606,0.0
1610,0.0
1628,0.0
1638,0.0
1639,0.0
1641,0.0
1656,0.0
1663,0.0
1697,0.0
1702,0.0
1704,0.0
1708,0.0
1718,1.0
1724,0.0
1729,0.0
1743,0.0
1745,0.0
1746,0.0
1749,1.0
1750,0.0
1753,1.0
1754,0.0
1762,0.0
1767,0.0
1770,1.0
1771,0.0
1775,0.0
1779,0.0
1783,1.0
1798,1.0
1803,0.0
1810,1.0
1821,0.0
1827,1.0
1841,1.0
1859,0.0
1861,0.0
1862,0.0
1864,1.0
1865,0.0
1867,0.0
1872,1.0
1877,0.0
1884,0.0
1888,1.0
1891,0.0
1896,1.0
1913,1.0
1915,0.0
1916,0.0
1923,1.0
1925,0.0
1927,0.0
1928,0.0
1933,1.0
1937,0.0
1949,0.0
1953,0.0
1954,0.0
1962,0.0
1978,0.0
1981,0.0
1986,0.0
1987,0.0
1991,0.0
1997,1.0
2002,1.0
2013,0.0
2014,0.0
2016,1.0
2027,0.0
2041,0.0
2067,1.0
2069,0.0
2072,0.0
2074,1.0
2076,0.0
2082,0.0
2083,1.0
2089,0.0
2094,0.0
2099,0.0
2104,0.0
2106,1.0
2114,0.0
2118,1.0
2123,1.0
2126,1.0
2129,0.0
2137,0.0
2140,0.0
2145,0.0
2147,0.0
2150,0.0
2153,1.0
2156,0.0
2160,1.0
2164,0.0
2167,0.0
2173,0.0
2177,0.0
2186,0.0
2191,0.0
2193,1.0
2209,1.0
2210,0.0
2219,1.0
2228,0.0
2232,0.0
2233,0.0
2234,0.0
2246,0.0
2252,0.0
2256,0.0
2272,0.0
2273,1.0
2283,0.0
2286,0.0
2290,1.0
2296,0.0
2300,0.0
2312,0.0
2317,0.0
2318,0.0
2329,1.0
2338,0.0
2343,0.0
2344,1.0
2349,1.0
2358,1.0
2363,0.0
2365,1.0
2366,1.0
2376,1.0
2378,0.0
2379,0.0
2381,0.0
2382,0.0
2383,0.0
2384,0.0
2385,1.0
2388,1.0
2389,0.0
2393,0.0
2394,0.0
2401,1.0
2405,1.0
2415,0.0
2419,1.0
2457,0.0
2460,0.0
2463,1.0
2473,0.0
2474,0.0
2481,1.0
2488,0.0
2498,0.0
2504,1.0
2506,1.0
2509,0.0
2518,0.0
2535,0.0
2553,1.0
2563,0.0
2564,0.0
2567,1.0
2570,0.0
2576,0.0
2583,0.0
2597,0.0
2600,0.0
2603,0.0
2621,0.0
2629,0.0
2632,1.0
2634,0.0
2643,0.0
2648,1.0
2655,0.0
2656,0.0
2668,0.0
2671,0.0
2677,0.0
2678,0.0
2686,0.0
2692,0.0
2696,1.0
2703,0.0
2710,0.0
2712,0.0
2719,0.0
2726,0.0
2727,0.0
2737,0.0
2756,0.0
2759,0.0
2760,1.0
2762,0.0
2766,1.0
2775,0.0
2780,1.0
2782,1.0
2784,0.0
2787,0.0
2790,1.0
2796,0.0
2798,1.0
2814,0.0
2816,0.0
2819,0.0
2836,0.0
2839,0.0
2843,0.0
2844,0.0
2849,1.0
2853,0.0
2861,0.0
2872,1.0
2873,0.0
2874,0.0
2875,0.0
2882,1.0
2883,1.0
2887,0.0
2898,0.0
2899,0.0
2908,0.0
2911,1.0
2915,0.0
2921,0.0
2926,0.0
2937,0.0
2939,1.0
2948,1.0
2951,0.0
2967,0.0
2969,0.0
2973,0.0
2976,0.0
2987,0.0
2988,0.0
2989,0.0
2996,0.0
2998,0.0
3003,0.0
3019,0.0
3024,0.0
3028,0.0
3031,0.0
3032,1.0
3058,0.0
3061,0.0
3072,0.0
3073,0.0
3074,1.0
3075,0.0
3077,0.0
3088,0.0
3095,1.0
3110,0.0
3119,0.0
3120,0.0
3121,1.0
3158,1.0
3184,0.0
3193,0.0
3196,0.0
3220,0.0
3234,0.0
3242,0.0
3263,0.0
3268,1.0
3270,0.0
3284,1.0
3292,0.0
3295,0.0
3296,0.0
3297,0.0
3304,0.0
3342,0.0
3343,0.0
3348,0.0
3349,0.0
3353,0.0
3354,0.0
3359,0.0
3363,0.0
3364,0.0
3365,0.0
3366,0.0
3383,0.0
3389,0.0
3392,1.0
3394,1.0
3407,0.0
3416,0.0
3422,0.0
3427,0.0
3434,1.0
3452,0.0
3471,0.0
3478,0.0
3482,0.0
3484,1.0
3487,1.0
3496,0.0
3502,0.0
3519,0.0
3521,0.0
3522,0.0
3523,0.0
3524,0.0
3531,0.0
3532,1.0
3534,1.0
3542,0.0
3548,1.0
3552,1.0
3564,0.0
3567,0.0
3571,0.0
3573,0.0
3580,0.0
3587,1.0
3589,1.0
3590,0.0
3595,0.0
3599,0.0
3606,0.0
3607,0.0
3620,0.0
3622,1.0
3625,1.0
3627,0.0
3633,1.0
3643,0.0
3655,0.0
3657,0.0
3663,0.0
3683,0.0
3684,0.0
3690,1.0
3691,0.0
3695,0.0
3696,1.0
3697,0.0
3699,0.0
3701,1.0
3709,1.0
3736,0.0
3744,0.0
3748,1.0
3750,0.0
3754,0.0
3758,0.0
3768,1.0
3797,1.0
3805,0.0
3807,0.0
3809,0.0
3825,0.0
3828,0.0
3840,0.0
3852,0.0
3856,0.0
3859,0.0
3860,0.0
3864,1.0
3865,0.0
3868,1.0
3875,0.0
3882,0.0
3893,0.0
3894,0.0
3898,0.0
3915,1.0
3919,1.0
3921,0.0
3941,1.0
3942,0.0
3945,0.0
3950,1.0
3952,0.0
3958,1.0
3965,0.0
3967,0.0
3978,0.0
3988,0.0
3994,1.0
3995,1.0
3998,1.0
3999,0.0
4003,0.0
4004,0.0
4007,0.0
4012,0.0
4032,0.0
4034,0.0
4037,0.0
4044,0.0
4049,0.0
4054,0.0
4061,1.0
4062,0.0
4065,0.0
4076,1.0
4089,0.0
4093,0.0
4098,0.0
4101,1.0
4110,0.0
4112,0.0
4114,0.0
4116,1.0
4121,0.0
4128,0.0
4139,0.0
4142,0.0
4146,0.0
4158,0.0
4172,0.0
4177,0.0
4179,0.0
4187,1.0
4190,0.0
4192,0.0
4198,0.0
4215,0.0
4217,0.0
4218,1.0
4219,0.0
4224,0.0
4226,1.0
4239,0.0
4249,0.0
4251,0.0
4257,0.0
4258,1.0
4261,1.0
4262,1.0
4269,0.0
4277,0.0
4278,0.0
4300,0.0
4305,0.0
4320,0.0
4335,0.0
4336,1.0
4338,1.0
4339,0.0
4345,0.0
4351,1.0
4360,0.0
4361,0.0
4379,0.0
4380,0.0
4383,1.0
4393,0.0
4399,0.0
4402,0.0
4411,0.0
4414,0.0
4419,0.0
4422,1.0
4425,0.0
4426,1.0
4429,0.0
4440,0.0
4444,0.0
4461,0.0
4471,1.0
4473,0.0
4484,0.0
4487,0.0
4488,0.0
4502,0.0
4506,0.0
4509,1.0
4511,0.0
4514,0.0
4515,0.0
4516,0.0
4531,0.0
4536,0.0
4541,0.0
4544,0.0
4545,0.0
4550,0.0
4552,0.0
4564,0.0
4570,0.0
4579,0.0
4582,0.0
4589,0.0
4594,1.0
4600,1.0
4612,0.0
4629,0.0
4630,0.0
4634,1.0
4645,0.0
4646,0.0
4652,0.0
4654,0.0
4658,1.0
4660,0.0
4667,0.0
4677,0.0
4692,0.0
4693,0.0
4694,0.0
4697,0.0
4701,0.0
4705,0.0
4728,0.0
4738,0.0
4739,1.0
4740,1.0
4767,0.0
4775,1.0
4780,0.0
4789,1.0
4811,0.0
4812,0.0
4814,0.0
4815,0.0
4816,0.0
4822,0.0
4824,0.0
4826,0.0
4828,0.0
4829,0.0
4830,0.0
4831,0.0
4842,0.0
4850,1.0
4856,0.0
4870,0.0
4883,1.0
4905,1.0
4918,0.0
4921,0.0
4927,0.0
4944,0.0
4948,0.0
4952,1.0
4960,1.0
4971,0.0
4975,0.0
4979,0.0
4989,0.0
4999,1.0
5002,1.0
5013,0.0
5017,1.0
5047,0.0
5063,1.0
5066,1.0
5069,0.0
5075,0.0
5077,0.0
5085,1.0
5094,0.0
5095,0.0
5111,0.0
5120,0.0
5128,1.0
5129,0.0
5133,0.0
5135,0.0
5143,0.0
5153,0.0
5155,0.0
5159,0.0
5166,0.0
5169,0.0
5173,0.0
5180,0.0
5185,0.0
5196,1.0
5205,0.0
5208,0.0
5210,1.0
5215,0.0
5225,0.0
5233,0.0
5235,0.0
5237,1.0
5239,0.0
5250,1.0
5259,0.0
5267,0.0
5268,0.0
5281,0.0
5284,0.0
5289,0.0
5293,0.0
5304,0.0
5306,1.0
5311,1.0
5314,0.0
5327,0.0
5330,1.0
5338,1.0
5353,0.0
5368,1.0
5371,1.0
5381,1.0
5388,0.0
5394,0.0
5399,0.0
5403,0.0
5412,1.0
5413,1.0
5420,1.0
5426,1.0
5433,0.0
5434,0.0
5437,0.0
5439,0.0
5443,0.0
5444,0.0
5448,0.0
5449,0.0
5450,0.0
5457,0.0
5459,0.0
5469,0.0
5471,1.0
5472,0.0
5478,1.0
5509,1.0
5510,0.0
5518,0.0
5519,0.0
5525,1.0
5529,0.0
5530,0.0
5532,0.0
5534,0.0
5539,0.0
5550,0.0
5551,0.0
5562,1.0
5563,0.0
5566,1.0
5569,1.0
5584,1.0
5597,0.0
5605,0.0
5622,1.0
5631,1.0
5636,0.0
5641,0.0
5645,1.0
5660,0.0
5675,0.0
5692,0.0
5694,1.0
5698,0.0
5708,0.0
5723,1.0
5746,0.0
5750,1.0
5754,0.0
5770,0.0
5782,0.0
5787,1.0
5798,1.0
5802,0.0
5805,0.0
5808,0.0
5821,1.0
5828,0.0
5834,0.0
5862,1.0
5865,0.0
5875,0.0
5879,0.0
5893,0.0
5902,0.0
5907,0.0
5915,0.0
5917,0.0
5918,1.0
5924,1.0
5925,0.0
5929,1.0
5930,0.0
5932,1.0
5938,0.0
5944,0.0
5957,0.0
5958,0.0
5961,0.0
5963,0.0
5969,1.0
5974,0.0
5977,0.0
5978,0.0
5989,0.0
5992,0.0
5993,0.0
5995,0.0
6003,0.0
6013,1.0
6024,0.0
6029,0.0
6036,0.0
6042,1.0
6043,1.0
6058,0.0
6060,0.0
6066,1.0
6072,0.0
6074,0.0
6078,0.0
6089,1.0
6090,0.0
6093,0.0
6107,0.0
6112,0.0
6117,1.0
6120,1.0
6128,0.0
6137,0.0
6149,1.0
6157,0.0
6168,0.0
6172,0.0
6182,0.0
6187,1.0
6192,0.0
6195,0.0
6199,0.0
6213,0.0
6218,0.0
6222,0.0
6226,0.0
6229,1.0
6236,0.0
6242,0.0
6244,0.0
6246,0.0
6250,0.0
6254,1.0
6273,0.0
6277,0.0
6281,1.0
6285,0.0
6289,0.0
6293,0.0
6304,0.0
6314,0.0
6318,0.0
6319,0.0
6330,0.0
6342,0.0
6343,0.0
6354,0.0
6370,1.0
6377,0.0
6383,0.0
6387,0.0
6395,0.0
6398,0.0
6400,0.0
6410,0.0
6413,0.0
6417,0.0
6419,0.0
6432,1.0
6433,1.0
6434,0.0
6436,0.0
6439,0.0
6445,0.0
6446,1.0
6449,1.0
6461,0.0
6464,1.0
6495,1.0
6498,0.0
6500,0.0
6508,0.0
6528,0.0
6543,0.0
6545,1.0
6557,0.0
6561,1.0
6562,1.0
6563,0.0
6564,0.0
6576,0.0
6582,0.0
6583,1.0
6587,0.0
6590,0.0
6591,0.0
6610,0.0
6619,0.0
6620,1.0
6623,0.0
6626,0.0
6641,0.0
6649,0.0
6659,0.0
6673,1.0
6679,0.0
6685,0.0
6686,0.0
6692,0.0
6698,0.0
6712,0.0
6724,1.0
6725,0.0
6730,0.0
6731,0.0
6734,0.0
6757,0.0
6761,1.0
6763,1.0
6766,1.0
6767,1.0
6773,0.0
6776,0.0
6783,1.0
6791,1.0
6796,1.0
6803,0.0
6810,1.0
6811,0.0
6824,0.0
6829,0.0
6833,0.0
6840,0.0
6842,1.0
6843,0.0
6849,1.0
6852,0.0
6855,1.0
6864,0.0
6872,0.0
6885,0.0
6888,0.0
6899,0.0
6931,0.0
6936,1.0
6948,1.0
6950,0.0
6953,0.0
6955,0.0
6956,0.0
6959,1.0
6960,1.0
6973,0.0
6985,1.0
6986,0.0
6992,0.0
6993,0.0
6995,0.0
6997,0.0
6999,0.0
7001,0.0
7005,0.0
7017,0.0
7033,0.0
7037,0.0
7044,0.0
7048,0.0
7049,0.0
7058,0.0
7062,1.0
7063,1.0
7078,1.0
7083,0.0
7094,1.0
7096,1.0
7097,1.0
7102,0.0
7116,1.0
7122,0.0
7126,1.0
7127,1.0
7128,1.0
7135,1.0
7139,0.0
7140,0.0
7142,0.0
7147,1.0
7179,0.0
7185,0.0
7187,0.0
7191,0.0
7197,0.0
7206,0.0
7210,1.0
7211,0.0
7214,0.0
7222,1.0
7231,0.0
7234,0.0
7254,0.0
7258,0.0
7271,0.0
7273,0.0
7277,0.0
7282,0.0
7295,1.0
7302,0.0
7308,0.0
7310,0.0
7313,0.0
7321,0.0
7327,0.0
7347,1.0
7349,1.0
7359,1.0
7361,0.0
7370,0.0
7373,0.0
7374,1.0
7382,1.0
7388,0.0
7392,1.0
7394,0.0
7395,1.0
7397,0.0
7402,0.0
7408,1.0
7411,0.0
7415,1.0
7418,0.0
7422,0.0
7426,0.0
7429,0.0
7432,0.0
7433,0.0
7435,1.0
7439,1.0
7440,1.0
7441,1.0
7451,0.0
7458,1.0
7461,0.0
7467,0.0
7469,1.0
7475,0.0
7480,1.0
7483,0.0
7493,0.0
7500,0.0
7507,1.0
7509,1.0
7511,0.0
7518,0.0
7521,0.0
7522,1.0
7528,0.0
7531,0.0
7546,0.0
7550,1.0
7568,0.0
7570,0.0
7571,0.0
7574,0.0
7575,0.0
7593,0.0
7629,0.0
7630,0.0
7631,0.0
7651,0.0
7654,0.0
7659,1.0
7671,1.0
7676,0.0
7680,0.0
7691,1.0
7694,1.0
7706,0.0
7712,0.0
7724,0.0
7727,0.0
7731,0.0
7750,0.0
7753,1.0
7759,0.0
7764,0.0
7766,0.0
7772,0.0
7787,1.0
7815,1.0
7825,0.0
7827,0.0
7830,0.0
7840,0.0
7844,0.0
7847,0.0
7850,0.0
7853,0.0
7859,0.0
7883,0.0
7901,1.0
7906,0.0
7911,0.0
7915,0.0
7917,0.0
7920,0.0
7922,0.0
7927,0.0
7933,0.0
7937,0.0
7957,0.0
7960,0.0
7962,0.0
7968,0.0
7979,0.0
7987,0.0
7992,0.0
7993,0.0
7994,0.0
7999,0.0
8000,1.0
8001,0.0
8002,0.0
8009,0.0
8015,0.0
8019,0.0
8022,0.0
8024,0.0
8036,0.0
8038,0.0
8043,0.0
8052,0.0
8058,1.0
8059,0.0
8065,0.0
8066,0.0
8067,1.0
8068,0.0
8071,0.0
8077,0.0
8085,0.0
8087,0.0
8096,0.0
8099,1.0
8106,0.0
8108,1.0
8110,0.0
8116,1.0
8122,1.0
8123,0.0
8134,0.0
8136,0.0
8138,0.0
8147,1.0
8148,0.0
8150,0.0
8154,0.0
8166,0.0
8172,0.0
8177,0.0
8180,1.0
8182,0.0
8184,1.0
8188,0.0
8199,0.0
8202,0.0
8214,0.0
8223,0.0
8229,1.0
8234,0.0
8236,0.0
8240,1.0
8242,0.0
8243,0.0
8260,0.0
8263,1.0
8285,0.0
8287,0.0
8290,0.0
8292,0.0
8295,0.0
8304,1.0
8310,0.0
8313,0.0
8337,0.0
8343,0.0
8352,0.0
8369,0.0
8372,0.0
8392,0.0
8403,0.0
8407,1.0
8413,0.0
8420,0.0
8432,1.0
8440,1.0
8443,0.0
8449,0.0
8452,0.0
8459,0.0
8460,1.0
8467,0.0
8477,0.0
8484,0.0
8509,1.0
8512,0.0
8513,0.0
8529,0.0
8530,0.0
8556,0.0
8563,0.0
8567,0.0
8573,1.0
8585,0.0
8587,0.0
8591,0.0
8596,0.0
8597,0.0
8599,1.0
8612,0.0
8621,0.0
8626,0.0
8628,0.0
8629,0.0
8634,1.0
8639,1.0
8647,0.0
8655,0.0
8662,1.0
8671,1.0
8672,0.0
8677,1.0
8700,0.0
8706,0.0
8712,0.0
8718,0.0
8727,0.0
8732,0.0
8735,1.0
8754,0.0
8761,0.0
8762,0.0
8763,1.0
8776,0.0
8785,0.0
8797,0.0
8823,0.0
8835,0.0
8842,0.0
8857,0.0
8860,0.0
8862,0.0
8863,1.0
8870,0.0
8882,0.0
8885,0.0
8892,0.0
8894,0.0
8900,0.0
8909,0.0
8921,0.0
8923,1.0
8932,0.0
8954,1.0
8956,0.0
8957,0.0
8966,0.0
8973,0.0
8987,0.0
8994,0.0
9006,0.0
9012,0.0
9013,0.0
9014,0.0
9021,0.0
9031,0.0
9036,0.0
9037,0.0
9040,1.0
9055,0.0
9061,1.0
9064,0.0
9066,0.0
9067,0.0
9069,0.0
9077,0.0
9084,0.0
9091,0.0
9095,0.0
9101,0.0
9110,0.0
9113,0.0
9122,1.0
9129,1.0
9131,0.0
9135,0.0
9152,0.0
9154,0.0
9155,0.0
9157,0.0
9170,0.0
9173,0.0
9182,0.0
9192,1.0
9198,0.0
9200,0.0
9203,0.0
9217,0.0
9227,0.0
9229,0.0
9234,0.0
9242,0.0
9253,0.0
9254,0.0
9257,0.0
9261,0.0
9264,0.0
9270,0.0
9278,0.0
9282,1.0
9289,0.0
9292,0.0
9297,0.0
9308,0.0
9309,0.0
9312,0.0
9338,1.0
9344,0.0
9352,0.0
9358,1.0
9360,0.0
9369,0.0
9375,0.0
9386,1.0
9393,0.0
9397,1.0
9408,0.0
9409,0.0
9419,0.0
9424,1.0
9431,0.0
9435,0.0
9437,1.0
9452,1.0
9460,0.0
9462,1.0
9469,0.0
9471,0.0
9485,0.0
9489,0.0
9495,0.0
9519,1.0
9528,1.0
9533,0.0
9545,0.0
9556,0.0
9572,1.0
9576,0.0
9580,1.0
9581,0.0
9586,0.0
9587,1.0
9588,0.0
9589,0.0
9594,1.0
9597,1.0
9599,0.0
9600,0.0
9605,0.0
9607,0.0
9612,1.0
9615,0.0
9617,0.0
9624,0.0
9627,0.0
9632,1.0
9636,0.0
9645,0.0
9656,0.0
9657,0.0
9682,0.0
9685,1.0
9687,0.0
9689,0.0
9691,0.0
9696,0.0
9698,0.0
9701,0.0
9709,1.0
9717,1.0
9722,1.0
9729,1.0
9735,0.0
9738,0.0
9740,0.0
9748,0.0
9749,1.0
9750,0.0
9754,0.0
9756,0.0
9761,0.0
9762,0.0
9768,0.0
9770,0.0
9772,1.0
9788,0.0
9796,0.0
9814,0.0
9835,1.0
9840,1.0
9851,0.0
9863,0.0
9872,0.0
9873,1.0
9879,0.0
9881,0.0
9884,1.0
9890,1.0
9895,0.0
9908,0.0
9916,0.0
9924,0.0
9925,1.0
9927,0.0
9937,1.0
9942,0.0
9957,1.0
9965,0.0
9981,0.0
9984,0.0
9994,0.0
9997,0.0
9999,1.0
10017,0.0
10019,0.0
10029,0.0
10030,0.0
10033,0.0
10036,0.0
10042,1.0
10048,0.0
10056,0.0
10066,0.0
10073,0.0
10077,0.0
10082,0.0
10084,1.0
10087,0.0
10094,1.0
10100,0.0
10127,1.0
10132,0.0
10135,1.0
10139,1.0
10144,1.0
10145,0.0
10148,0.0
10151,0.0
10156,1.0
10162,0.0
10182,1.0
10209,1.0
10214,1.0
10216,0.0
10218,0.0
10222,1.0
10229,1.0
10264,1.0
10275,0.0
10279,0.0
10297,1.0
10302,0.0
10306,1.0
10308,1.0
10309,0.0
10310,0.0
10311,0.0
10312,0.0
10318,0.0
10337,0.0
10342,0.0
10346,0.0
10356,1.0
10357,0.0
10361,0.0
10365,0.0
10370,0.0
10376,0.0
10394,0.0
10407,1.0
10413,0.0
10414,0.0
10423,0.0
10431,1.0
10435,0.0
10442,1.0
10444,0.0
10449,1.0
10459,0.0
10461,0.0
10463,1.0
10464,0.0
10468,0.0
10471,0.0
10480,0.0
10483,0.0
10492,0.0
10494,0.0
10496,0.0
10501,1.0
10520,1.0
10526,0.0
10535,0.0
10540,0.0
10541,0.0
10544,0.0
10548,1.0
10559,0.0
10563,0.0
10570,0.0
10575,0.0
10580,0.0
10582,0.0
10585,0.0
10586,0.0
10589,1.0
10594,1.0
10606,0.0
10609,0.0
10622,0.0
10626,1.0
10639,0.0
10647,0.0
10651,0.0
10663,0.0
10664,1.0
10665,0.0
10667,0.0
10676,0.0
10688,0.0
10697,0.0
10698,0.0
10699,1.0
10700,0.0
10701,0.0
10706,0.0
10713,0.0
10728,0.0
10730,1.0
10738,0.0
10741,1.0
10752,1.0
10753,0.0
10755,0.0
10760,0.0
10761,1.0
10766,0.0
10771,0.0
10799,0.0
10806,1.0
10814,0.0
10820,0.0
10824,1.0
10827,0.0
10832,0.0
10833,0.0
10838,0.0
10839,0.0
10840,0.0
10845,1.0
10870,0.0
10878,0.0
10886,0.0
10895,0.0
10898,0.0
10899,0.0
10912,0.0
10918,0.0
10932,0.0
10934,0.0
10935,1.0
10940,1.0
10950,1.0
10952,0.0
10957,1.0
10958,0.0
10965,0.0
10967,0.0
10973,1.0
10979,0.0
10980,0.0
10982,0.0
10985,0.0
10994,0.0
11006,0.0
11015,0.0
11024,0.0
11032,0.0
11036,0.0
11048,0.0
11060,0.0
11061,1.0
11073,0.0
11075,0.0
11076,0.0
11081,0.0
11114,0.0
11117,0.0
11122,0.0
11124,0.0
11125,0.0
11134,1.0
11141,0.0
11142,0.0
11148,0.0
11151,1.0
11155,0.0
11158,0.0
11166,0.0
11172,1.0
11175,0.0
11184,0.0
11200,0.0
11220,0.0
11224,0.0
11226,0.0
11241,0.0
11248,1.0
11252,0.0
11254,0.0
11257,0.0
11258,1.0
11259,0.0
11260,0.0
11261,0.0
11268,0.0
11276,0.0
11277,0.0
11280,0.0
11284,0.0
11315,0.0
11316,0.0
11322,0.0
11323,0.0
11336,1.0
11338,0.0
11356,0.0
11363,0.0
11365,1.0
11374,1.0
11377,0.0
11382,0.0
11383,0.0
11386,0.0
11390,0.0
11391,0.0
11395,0.0
11398,0.0
11400,0.0
11407,1.0
11411,0.0
11418,0.0
11420,0.0
11421,0.0
11426,1.0
11434,1.0
11437,0.0
11442,0.0
11466,1.0
11470,0.0
11479,0.0
11490,0.0
11494,0.0
11499,0.0
11502,1.0
11504,0.0
11507,0.0
11514,0.0
11517,0.0
11523,1.0
11525,0.0
11527,0.0
11532,0.0
11538,0.0
11541,0.0
11543,0.0
11548,0.0
11553,1.0
11566,0.0
11568,0.0
11575,0.0
11577,0.0
11580,0.0
11585,0.0
11587,0.0
11593,0.0
11596,0.0
11603,1.0
11607,0.0
11618,0.0
11619,0.0
11623,0.0
11630,0.0
11635,0.0
11641,1.0
11646,0.0
11654,0.0
11675,0.0
11677,1.0
11679,0.0
11699,0.0
11705,0.0
11706,1.0
11710,0.0
11713,0.0
11714,0.0
11724,1.0
11733,0.0
11751,1.0
11765,0.0
11772,0.0
11778,0.0
11784,0.0
11787,0.0
11797,0.0
11808,0.0
11809,0.0
11812,1.0
11817,0.0
11830,0.0
11835,1.0
11838,1.0
11842,0.0
11843,0.0
11845,0.0
11846,1.0
11859,1.0
11871,0.0
11880,1.0
11882,0.0
11885,0.0
11890,0.0
11895,0.0
11923,0.0
11928,0.0
11933,0.0
11941,0.0
11945,0.0
11952,1.0
11970,0.0
11975,0.0
12008,0.0
12019,1.0
12023,0.0
12028,0.0
12030,0.0
12038,1.0
12040,0.0
12045,0.0
12051,0.0
12054,0.0
12058,0.0
12061,0.0
12062,1.0
12074,0.0
12079,1.0
12099,0.0
12102,0.0
12104,0.0
12110,0.0
12113,0.0
12119,0.0
12130,0.0
12139,0.0
12151,1.0
12152,0.0
12158,0.0
12165,1.0
12166,1.0
12167,0.0
12171,0.0
12175,0.0
12179,1.0
12183,0.0
12189,1.0
12215,0.0
12226,0.0
12229,0.0
12232,0.0
12234,0.0
12236,0.0
12239,0.0
12243,0.0
12254,0.0
12265,0.0
12266,0.0
12270,0.0
12275,0.0
12285,0.0
12286,1.0
12291,0.0
12303,0.0
12308,0.0
12310,0.0
12312,0.0
12326,1.0
12345,0.0
12347,0.0
12354,0.0
12371,0.0
12372,0.0
12381,0.0
12382,0.0
12390,1.0
12393,0.0
12397,0.0
12399,0.0
12403,1.0
12415,1.0
12421,0.0
12427,0.0
12438,0.0
12450,1.0
12467,1.0
12470,1.0
12472,0.0
12476,1.0
12478,0.0
12492,0.0
12496,0.0
12498,0.0
12515,0.0
12519,0.0
12531,1.0
12533,0.0
12536,1.0
12537,0.0
12543,1.0
12547,1.0
12551,0.0
12555,0.0
12556,0.0
12557,0.0
12563,0.0
12566,1.0
12571,0.0
12577,1.0
12578,1.0
12584,1.0
12585,0.0
12592,1.0
12594,0.0
12596,0.0
12597,0.0
12602,1.0
12605,1.0
12609,0.0
12621,0.0
12625,1.0
12629,0.0
12632,1.0
12636,1.0
12640,0.0
12642,0.0
12650,0.0
12664,1.0
12671,0.0
12676,1.0
12686,0.0
12713,0.0
12720,0.0
12750,1.0
12752,0.0
12756,1.0
12770,0.0
12772,0.0
12775,0.0
12778,0.0
12779,0.0
12788,1.0
12789,1.0
12794,1.0
12803,0.0
12805,0.0
12815,0.0
12816,1.0
12817,0.0
12825,0.0
12830,0.0
12838,1.0
12844,1.0
12849,0.0
12853,0.0
12857,0.0
12865,0.0
12868,0.0
12876,0.0
12880,1.0
12889,1.0
12892,0.0
12893,0.0
12898,0.0
12902,0.0
12905,1.0
12910,1.0
12943,0.0
12946,0.0
12952,1.0
12954,1.0
12957,0.0
12960,0.0
12962,0.0
12963,0.0
12966,0.0
12971,0.0
12975,0.0
12979,1.0
12986,0.0
12994,0.0
12996,1.0
13001,0.0
13006,1.0
13009,0.0
13011,1.0
13013,0.0
13019,0.0
13022,0.0
13027,0.0
13032,0.0
13042,0.0
13048,0.0
13056,0.0
13058,0.0
13062,0.0
13066,0.0
13076,0.0
13096,0.0
13100,0.0
13109,0.0
13115,0.0
13122,0.0
13124,0.0
13133,1.0
13137,0.0
13139,0.0
13144,0.0
13152,0.0
13156,1.0
13167,1.0
13175,1.0
13182,0.0
13184,1.0
13185,0.0
13192,0.0
13196,0.0
13211,0.0
13218,1.0
13237,0.0
13253,0.0
13263,0.0
13272,1.0
13274,0.0
13283,1.0
13286,0.0
13289,0.0
13294,0.0
13295,0.0
13308,1.0
13318,0.0
13326,0.0
13329,0.0
13343,1.0
13347,0.0
13367,0.0
13376,0.0
13381,1.0
13382,1.0
13383,1.0
13387,1.0
13399,0.0
13406,0.0
13414,0.0
13418,0.0
13426,1.0
13431,0.0
13450,0.0
13458,0.0
13459,0.0
13474,0.0
13476,0.0
13499,0.0
13501,0.0
13502,0.0
13503,1.0
13515,1.0
13521,0.0
13527,0.0
13531,0.0
13537,0.0
13549,0.0
13559,0.0
13561,0.0
13562,1.0
13581,0.0
13589,0.0
13596,1.0
13597,0.0
13603,0.0
13605,0.0
13608,1.0
13611,0.0
13612,1.0
13619,0.0
13624,0.0
13632,1.0
13636,0.0
13643,0.0
13651,1.0
13663,0.0
13665,0.0
13671,0.0
13672,0.0
13679,0.0
13683,1.0
13685,0.0
13695,0.0
13710,0.0
13715,0.0
13734,0.0
13736,0.0
13737,0.0
13744,0.0
13747,0.0
13748,0.0
13753,1.0
13756,0.0
13765,0.0
13768,0.0
13770,0.0
13785,0.0
13788,0.0
13791,0.0
13797,1.0
13802,0.0
13819,1.0
13823,0.0
13827,1.0
13828,0.0
13830,0.0
13834,0.0
13842,0.0
13846,0.0
13849,0.0
13856,0.0
13859,0.0
13863,0.0
13864,0.0
13870,0.0
13877,0.0
13883,0.0
13902,0.0
13917,1.0
13920,1.0
13924,0.0
13926,1.0
13939,0.0
13942,0.0
13943,0.0
13944,0.0
13947,1.0
13949,0.0
13956,0.0
13959,0.0
13965,1.0
13967,0.0
13983,1.0
14000,0.0
14010,0.0
14015,0.0
14022,0.0
14028,0.0
14038,0.0
14049,0.0
14062,0.0
14079,1.0
14081,1.0
14085,0.0
14091,0.0
14092,0.0
14093,0.0
14111,0.0
14113,0.0
14117,0.0
14118,0.0
14121,0.0
14125,0.0
14133,0.0
14162,0.0
14163,0.0
14170,0.0
14183,0.0
14187,0.0
14189,0.0
14191,0.0
14199,0.0
14200,1.0
14202,1.0
14207,1.0
14220,0.0
14221,1.0
14225,0.0
14232,0.0
14233,0.0
14235,0.0
14239,0.0
14244,0.0
14257,0.0
14259,0.0
14268,0.0
14284,0.0
14287,0.0
14308,1.0
14311,0.0
14316,0.0
14317,1.0
14321,1.0
14322,0.0
14329,0.0
14335,1.0
14355,0.0
14357,0.0
14359,1.0
14367,0.0
14368,1.0
14371,0.0
14373,0.0
14378,1.0
14383,0.0
14386,0.0
14388,0.0
14389,0.0
14411,0.0
14413,0.0
14416,0.0
14419,1.0
14427,1.0
14432,0.0
14438,0.0
14461,1.0
14462,0.0
14468,0.0
14483,0.0
14494,0.0
14496,0.0
14499,1.0
14504,0.0
14507,0.0
14512,0.0
14513,0.0
14519,0.0
14527,0.0
14531,1.0
14532,0.0
14533,0.0
14535,0.0
14536,0.0
14540,0.0
14542,0.0
14543,0.0
14576,0.0
14578,0.0
14583,0.0
14585,0.0
14595,0.0
14596,0.0
14608,1.0
14610,1.0
14614,1.0
14616,0.0
14617,0.0
14632,0.0
14634,0.0
14635,0.0
14644,0.0
14646,0.0
14649,0.0
14650,0.0
14663,0.0
14689,0.0
14702,0.0
14711,1.0
14713,0.0
14731,0.0
14738,1.0
14740,0.0
14749,0.0
14764,1.0
14767,1.0
14768,0.0
14775,0.0
14779,0.0
14780,0.0
14781,0.0
14787,0.0
14792,0.0
14794,1.0
14795,0.0
14799,0.0
14805,1.0
14809,1.0
14814,1.0
14817,0.0
14819,0.0
14820,1.0
14823,0.0
14828,0.0
14834,1.0
14836,0.0
14839,0.0
14842,0.0
14843,0.0
14851,0.0
14856,1.0
14865,0.0
14866,1.0
14871,0.0
14877,1.0
14880,1.0
14889,0.0
14895,1.0
14901,0.0
14910,1.0
14912,0.0
14917,0.0
14922,0.0
14923,0.0
14928,0.0
14935,0.0
14939,0.0
14950,0.0
14960,0.0
14964,0.0
14977,1.0
14982,0.0
15012,0.0
15016,0.0
15031,0.0
15040,0.0
15042,0.0
15060,0.0
15065,0.0
15079,0.0
15083,1.0
15086,0.0
15101,0.0
15102,0.0
15105,0.0
15108,1.0
15109,0.0
15114,0.0
15118,0.0
15119,0.0
15128,1.0
15130,0.0
15131,0.0
15132,0.0
15134,1.0
15137,0.0
15139,0.0
15150,0.0
15154,0.0
15161,0.0
15167,1.0
15169,0.0
15177,0.0
15189,1.0
15196,0.0
15203,0.0
15210,1.0
15216,0.0
15223,0.0
15226,0.0
15230,0.0
15234,0.0
15241,1.0
15242,0.0
15246,0.0
15248,0.0
15250,1.0
15258,0.0
15261,0.0
15270,0.0
15279,1.0
15281,0.0
15284,1.0
15295,1.0
15303,0.0
15306,0.0
15319,0.0
15322,0.0
15324,0.0
15326,0.0
15328,0.0
15333,0.0
15335,0.0
15340,0.0
15352,0.0
15357,0.0
15358,0.0
15364,0.0
15371,0.0
15374,0.0
15375,0.0
15384,0.0
15386,0.0
15393,0.0
15411,1.0
15416,0.0
15417,1.0
15421,0.0
15423,1.0
15426,0.0
15434,0.0
15435,0.0
15437,0.0
15441,1.0
15448,0.0
15449,0.0
15455,0.0
15469,1.0
15473,0.0
15479,0.0
15491,1.0
15493,0.0
15497,1.0
15498,0.0
15500,1.0
15502,0.0
15507,0.0
15513,0.0
15515,0.0
15528,0.0
15540,0.0
15542,0.0
15550,0.0
15552,1.0
15554,0.0
15555,0.0
15559,1.0
15590,0.0
15592,1.0
15593,0.0
15596,0.0
15598,0.0
15601,0.0
15603,0.0
15604,0.0
15608,0.0
15613,0.0
15621,0.0
15623,1.0
15626,0.0
15628,1.0
15631,0.0
15635,0.0
15638,0.0
15640,0.0
15642,0.0
15643,1.0
15644,0.0
15660,0.0
15661,0.0
15663,1.0
15669,0.0
15670,1.0
15680,1.0
15688,0.0
15689,0.0
15693,0.0
15699,1.0
15708,0.0
15722,1.0
15724,1.0
15727,0.0
15733,0.0
15742,0.0
15745,0.0
15752,1.0
15754,0.0
15757,0.0
15765,1.0
15776,0.0
15785,0.0
15787,0.0
15795,1.0
15796,0.0
15798,0.0
15802,0.0
15806,0.0
15808,0.0
15811,0.0
15821,0.0
15828,0.0
15829,0.0
15840,0.0
15842,0.0
15843,0.0
15852,0.0
15853,1.0
15864,0.0
15865,1.0
15870,0.0
15879,1.0
15890,1.0
15893,1.0
15902,0.0
15906,0.0
15911,0.0
15912,0.0
15913,0.0
15921,0.0
15924,0.0
15927,0.0
15934,0.0
15935,1.0
15939,0.0
15947,0.0
15949,0.0
15955,0.0
15957,0.0
15965,1.0
15971,0.0
15980,0.0
15990,0.0
15996,0.0
15998,1.0
16001,0.0
16008,0.0
16009,0.0
16010,0.0
16026,0.0
16047,0.0
16048,0.0
16054,0.0
16057,1.0
16070,0.0
16071,0.0
16074,1.0
16084,0.0
16085,0.0
16096,1.0
16103,0.0
16109,0.0
16116,0.0
16125,0.0
16135,1.0
16136,0.0
16162,0.0
16163,1.0
16164,0.0
16173,0.0
16175,0.0
16177,0.0
16181,1.0
16189,0.0
16195,1.0
16197,0.0
16201,0.0
16204,0.0
16205,0.0
16208,1.0
16209,0.0
16212,0.0
16214,0.0
16215,0.0
16231,0.0
16233,1.0
16235,0.0
16245,0.0
16247,1.0
16248,0.0
16251,0.0
16254,0.0
16268,0.0
16280,0.0
16281,0.0
16292,0.0
16294,0.0
16301,0.0
16310,0.0
16321,1.0
16324,0.0
16329,0.0
16341,1.0
16343,0.0
16359,0.0
16362,0.0
16367,0.0
16369,1.0
16371,0.0
16377,0.0
16383,1.0
16386,1.0
16387,1.0
16393,0.0
16394,0.0
16397,0.0
16401,0.0
16406,0.0
16410,1.0
16416,1.0
16430,0.0
16436,0.0
16438,0.0
16449,0.0
16452,0.0
16466,0.0
16468,0.0
16481,0.0
16493,0.0
16509,0.0
16510,0.0
16515,1.0
16533,0.0
16534,1.0
16543,0.0
16544,0.0
16548,0.0
16561,0.0
16563,0.0
16565,0.0
16566,0.0
16571,0.0
16572,0.0
16573,1.0
16574,0.0
16582,0.0
16593,0.0
16614,0.0
16627,0.0
16630,1.0
16644,1.0
16651,1.0
16670,0.0
16672,0.0
16681,0.0
16684,0.0
16694,0.0
16707,0.0
16710,0.0
16714,0.0
16716,0.0
16719,0.0
16723,0.0
16729,0.0
16732,0.0
16733,0.0
16743,0.0
16756,0.0
16763,0.0
16766,0.0
16767,0.0
16768,1.0
16772,0.0
16778,0.0
16779,0.0
16789,0.0
16798,0.0
16802,0.0
16803,0.0
16810,0.0
16819,1.0
16821,0.0
16823,0.0
16839,1.0
16840,0.0
16846,0.0
16849,0.0
16861,0.0
16867,1.0
16883,0.0
16888,0.0
16891,1.0
16896,0.0
16901,0.0
16904,0.0
16908,0.0
16911,0.0
16912,0.0
16916,0.0
16921,1.0
16924,0.0
16927,0.0
16940,0.0
16945,0.0
16975,0.0
16978,1.0
16981,0.0
16982,0.0
16983,0.0
16988,1.0
16992,0.0
17015,0.0
17016,0.0
17022,0.0
17027,0.0
17035,1.0
17059,0.0
17066,1.0
17069,1.0
17070,1.0
17071,0.0
17088,0.0
17091,1.0
17092,0.0
17114,0.0
17118,0.0
17127,0.0
17129,0.0
17134,0.0
17142,0.0
17151,0.0
17155,0.0
17164,0.0
17165,0.0
17169,0.0
17185,0.0
17186,0.0
17191,0.0
17195,0.0
17198,0.0
17202,1.0
17206,1.0
17209,0.0
17213,0.0
17214,0.0
17216,0.0
17217,0.0
17218,0.0
17250,0.0
17265,0.0
17268,0.0
17277,0.0
17280,0.0
17281,0.0
17296,0.0
17302,1.0
17305,0.0
17312,0.0
17313,0.0
17316,1.0
17317,0.0
17320,0.0
17322,0.0
17327,0.0
17331,1.0
17341,0.0
17348,1.0
17383,0.0
17397,0.0
17400,1.0
17401,0.0
17402,0.0
17403,0.0
17409,0.0
17426,0.0
17429,0.0
17432,0.0
17439,1.0
17454,0.0
17459,0.0
17468,0.0
17470,0.0
17473,0.0
17475,0.0
17482,1.0
17485,0.0
17486,0.0
17495,0.0
17500,0.0
17505,0.0
17508,1.0
17512,0.0
17514,0.0
17516,0.0
17522,0.0
17530,1.0
17535,0.0
17537,0.0
17538,0.0
17543,0.0
17546,0.0
17551,0.0
17558,1.0
17581,0.0
17586,0.0
17591,0.0
17605,0.0
17612,0.0
17617,0.0
17632,0.0
17636,0.0
17637,0.0
17644,0.0
17648,0.0
17664,1.0
17665,0.0
17673,0.0
17675,0.0
17677,0.0
17683,0.0
17698,0.0
17702,0.0
17710,0.0
17729,0.0
17739,0.0
17743,0.0
17749,0.0
17751,0.0
17765,0.0
17766,0.0
17767,0.0
17773,0.0
17783,0.0
17794,0.0
17796,0.0
17816,0.0
17831,0.0
17835,0.0
17840,0.0
17845,0.0
17869,0.0
17870,0.0
17874,1.0
17889,0.0
17890,0.0
17891,1.0
17892,1.0
17896,0.0
17901,0.0
17914,0.0
17923,0.0
17924,0.0
17926,0.0
17931,0.0
17933,0.0
17935,0.0
17938,0.0
17948,0.0
17963,0.0
17964,0.0
17971,0.0
17974,0.0
17978,0.0
17981,0.0
17982,1.0
17986,0.0
17988,0.0
17993,0.0
17995,0.0
17999,0.0
18001,0.0
18003,0.0
18005,0.0
18006,1.0
18010,0.0
18011,0.0
18016,0.0
18022,1.0
18027,0.0
18028,0.0
18032,0.0
18042,0.0
18044,0.0
18063,0.0
18071,0.0
18084,0.0
18105,0.0
18117,1.0
18126,1.0
18139,0.0
18149,0.0
18170,0.0
18172,0.0
18175,0.0
18187,0.0
18189,0.0
18190,1.0
18191,0.0
18192,0.0
18198,0.0
18212,0.0
18219,0.0
18226,0.0
18228,0.0
18233,0.0
18240,0.0
18256,0.0
18257,0.0
18258,0.0
18259,0.0
18265,1.0
18269,0.0
18271,0.0
18272,0.0
18277,0.0
18281,0.0
18311,0.0
18322,0.0
18337,0.0
18342,0.0
18348,0.0
18356,0.0
18359,0.0
18361,0.0
18363,0.0
18378,0.0
18386,0.0
18392,0.0
18403,0.0
18404,0.0
18409,0.0
18413,0.0
18417,0.0
18419,0.0
18424,0.0
18430,1.0
18435,0.0
18436,0.0
18437,0.0
18445,0.0
18446,0.0
18447,0.0
18448,0.0
18457,0.0
18465,0.0
18470,1.0
18473,1.0
18488,0.0
18505,0.0
18514,0.0
18516,0.0
18521,0.0
18524,0.0
18532,0.0
18534,0.0
18538,0.0
18542,1.0
18544,0.0
18571,0.0
18581,0.0
18582,0.0
18584,0.0
18591,1.0
18602,0.0
18606,0.0
18615,0.0
18625,0.0
18628,0.0
18631,0.0
18639,0.0
18661,1.0
18667,0.0
18676,0.0
18680,0.0
18682,0.0
18698,0.0
18700,1.0
18702,0.0
18706,0.0
18708,0.0
18712,0.0
18719,0.0
18724,0.0
18730,0.0
18734,0.0
18743,0.0
18744,0.0
18749,0.0
18751,0.0
18752,0.0
18756,0.0
18768,0.0
18774,1.0
18780,0.0
18781,0.0
18790,0.0
18792,0.0
18795,0.0
18796,1.0
18804,0.0
18821,0.0
18823,0.0
18828,0.0
18830,0.0
18847,0.0
18848,0.0
18849,0.0
18863,0.0
18864,0.0
18865,0.0
18871,0.0
18876,1.0
18883,0.0
18889,0.0
18893,0.0
18897,0.0
18913,1.0
18915,1.0
18917,1.0
18923,1.0
18926,0.0
18937,0.0
18941,0.0
18948,0.0
18963,0.0
18969,0.0
18972,0.0
18977,1.0
18978,0.0
18979,0.0
18984,0.0
18987,0.0
18989,0.0
19004,0.0
19010,1.0
19020,0.0
19025,0.0
19032,0.0
19042,0.0
19052,0.0
19057,1.0
19060,0.0
19069,0.0
19070,0.0
19092,0.0
19100,0.0
19114,0.0
19118,0.0
19120,0.0
19123,0.0
19126,0.0
19132,0.0
19136,0.0
19143,0.0
19145,0.0
19148,0.0
19156,0.0
19159,1.0
19166,0.0
19167,0.0
19169,0.0
19180,0.0
19181,0.0
19220,0.0
19221,0.0
19227,0.0
19242,0.0
19244,0.0
19250,0.0
19261,0.0
19266,0.0
19268,0.0
19285,0.0
19289,0.0
19290,0.0
19292,0.0
19294,0.0
19295,0.0
19301,1.0
19311,0.0
19314,0.0
19317,0.0
19331,0.0
19332,0.0
19334,0.0
19347,0.0
19355,0.0
19362,1.0
19365,0.0
19366,0.0
19372,0.0
19380,0.0
19383,0.0
19386,0.0
19387,0.0
19394,0.0
19399,0.0
19404,0.0
19411,0.0
19417,0.0
19424,0.0
19432,0.0
19443,1.0
19447,0.0
19448,1.0
19453,1.0
19455,0.0
19457,0.0
19459,0.0
19463,0.0
19470,0.0
19473,1.0
19479,1.0
19482,0.0
19483,1.0
19489,0.0
19490,0.0
19497,1.0
19509,1.0
19511,0.0
19512,0.0
19515,0.0
19522,1.0
19529,0.0
19550,0.0
19552,0.0
19555,0.0
19557,1.0
19560,0.0
19578,0.0
19582,0.0
19590,0.0
19595,0.0
19599,0.0
19602,0.0
19610,0.0
19614,0.0
19615,0.0
19626,0.0
19628,0.0
19638,0.0
19647,0.0
19662,0.0
19671,0.0
19672,0.0
19683,0.0
19689,0.0
19714,1.0
19715,0.0
19718,0.0
19723,1.0
19727,0.0
19737,0.0
19741,0.0
19744,0.0
19745,0.0
19746,0.0
19763,1.0
19764,1.0
19765,0.0
19769,0.0
19780,0.0
19781,0.0
19784,1.0
19785,0.0
19788,1.0
19789,0.0
19790,0.0
19791,0.0
19792,0.0
19794,1.0
19797,0.0
19803,0.0
19810,0.0
19812,0.0
19813,0.0
19817,0.0
19818,0.0
19820,0.0
19822,0.0
19840,0.0
19864,0.0
19865,0.0
19868,1.0
19869,0.0
19875,0.0
19876,0.0
19883,0.0
19888,0.0
19900,0.0
19911,0.0
19914,0.0
19916,0.0
19917,0.0
19923,0.0
19928,1.0
19938,0.0
19940,0.0
19943,0.0
19949,0.0
19961,0.0
19963,0.0
19968,0.0
19969,0.0
19972,0.0
19975,0.0
19979,0.0
19980,0.0
19982,0.0
19988,0.0
20011,1.0
20013,0.0
20020,0.0
20029,0.0
20032,0.0
20033,0.0
20035,1.0
20037,0.0
20042,0.0
20044,0.0
20054,1.0
20071,0.0
20078,1.0
20083,0.0
20085,0.0
20107,0.0
20133,0.0
20141,1.0
20145,0.0
20163,0.0
20171,1.0
20173,0.0
20182,0.0
20184,0.0
20189,1.0
20190,0.0
20208,0.0
20214,1.0
20225,0.0
20233,0.0
20240,0.0
20242,0.0
20258,0.0
20259,0.0
20272,1.0
20280,0.0
20281,1.0
20284,0.0
20290,0.0
20297,0.0
20301,0.0
20311,0.0
20313,0.0
20326,1.0
20333,0.0
20334,0.0
20340,0.0
20363,0.0
20366,0.0
20369,0.0
20393,0.0
20406,0.0
20432,0.0
20438,0.0
20442,0.0
20444,1.0
20445,0.0
20457,0.0
20464,0.0
20465,0.0
20491,0.0
20494,0.0
20500,0.0
20520,0.0
20525,0.0
20526,0.0
20528,0.0
20531,0.0
20533,0.0
20534,0.0
20538,0.0
20540,1.0
20545,1.0
20549,0.0
20550,1.0
20551,0.0
20552,0.0
20554,0.0
20569,0.0
20571,0.0
20584,0.0
20590,0.0
20592,0.0
20604,0.0
20608,1.0
20612,0.0
20613,0.0
20623,0.0
20625,0.0
20626,0.0
20631,0.0
20638,0.0
20639,0.0
20650,1.0
20658,0.0
20662,0.0
20677,1.0
20678,1.0
20689,0.0
20692,1.0
20698,1.0
20707,0.0
20714,0.0
20716,0.0
20719,0.0
20720,0.0
20724,0.0
20726,0.0
20728,0.0
20735,0.0
20738,0.0
20743,0.0
20745,0.0
20750,0.0
20754,0.0
20758,0.0
20759,0.0
20786,0.0
20788,0.0
20789,0.0
20799,0.0
20804,0.0
20809,1.0
20815,0.0
20816,0.0
20826,0.0
20827,0.0
20828,0.0
20845,1.0
20860,0.0
20867,0.0
20868,0.0
20884,0.0
20885,1.0
20891,0.0
20910,0.0
20920,0.0
20925,0.0
20926,0.0
20929,0.0
20944,0.0
20963,0.0
20974,0.0
20977,0.0
20980,0.0
20984,0.0
20997,1.0
21000,0.0
21005,0.0
21008,0.0
21014,0.0
21016,0.0
21023,1.0
21030,0.0
21034,0.0
21045,0.0
21046,0.0
21053,0.0
21061,1.0
21081,0.0
21083,0.0
21085,0.0
21094,0.0
21095,0.0
21099,0.0
21110,0.0
21123,1.0
21129,0.0
21130,0.0
21133,0.0
21137,0.0
21144,0.0
21147,0.0
21157,0.0
21159,0.0
21176,1.0
21177,1.0
21185,1.0
21187,0.0
21188,0.0
21190,0.0
21207,1.0
21211,0.0
21216,0.0
21230,0.0
21232,0.0
21235,1.0
21237,0.0
21244,1.0
21245,0.0
21246,0.0
21249,0.0
21252,0.0
21254,0.0
21256,0.0
21264,0.0
21265,0.0
21270,0.0
21281,0.0
21283,0.0
21293,0.0
21297,0.0
21326,0.0
21346,0.0
21352,0.0
21354,0.0
21362,0.0
21367,0.0
21368,0.0
21372,1.0
21374,0.0
21378,0.0
21380,0.0
21384,0.0
21386,0.0
21411,0.0
21417,0.0
21422,0.0
21436,1.0
21439,1.0
21440,1.0
21450,0.0
21460,0.0
21461,0.0
21463,0.0
21464,0.0
21471,0.0
21476,0.0
21477,0.0
21478,0.0
21482,0.0
21491,0.0
21513,0.0
21515,0.0
21521,0.0
21523,0.0
21525,0.0
21528,0.0
21529,1.0
21534,0.0
21540,0.0
21542,0.0
21545,0.0
21546,0.0
21557,0.0
21558,0.0
21559,0.0
21561,0.0
21566,0.0
21576,1.0
21592,0.0
21601,0.0
21614,0.0
21616,0.0
21649,0.0
21656,0.0
21659,0.0
21661,0.0
21669,0.0
21672,0.0
21680,0.0
21683,0.0
21685,0.0
21687,0.0
21690,0.0
21711,1.0
21722,0.0
21723,0.0
21724,0.0
21730,0.0
21739,0.0
21746,0.0
21757,0.0
21761,0.0
21762,0.0
21764,0.0
21779,0.0
21781,0.0
21784,0.0
21793,0.0
21804,0.0
21806,0.0
21834,0.0
21857,1.0
21860,0.0
21886,0.0
21887,0.0
21888,0.0
21889,0.0
21890,0.0
21893,0.0
21900,0.0
21921,0.0
21935,0.0
21943,0.0
21949,0.0
21950,0.0
21955,0.0
21959,0.0
21960,0.0
21962,0.0
21966,0.0
21982,0.0
21983,0.0
21985,0.0
21986,0.0
21992,0.0
21994,0.0
22004,0.0
22005,0.0
22011,0.0
22014,0.0
22015,0.0
22020,0.0
22026,0.0
22031,0.0
22041,0.0
22058,0.0
22059,0.0
22060,0.0
22065,0.0
22068,0.0
22083,0.0
22088,0.0
22091,0.0
22097,0.0
22098,1.0
22099,0.0
22102,0.0
22107,0.0
22116,0.0
22132,0.0
22133,0.0
22134,0.0
22135,0.0
22137,0.0
22147,0.0
22156,0.0
22165,0.0
22169,0.0
22176,0.0
22180,0.0
22182,0.0
22183,0.0
22190,0.0
22196,0.0
22197,0.0
22205,0.0
22214,0.0
22215,0.0
22231,0.0
22236,1.0
22237,1.0
22239,0.0
22241,0.0
22242,0.0
22246,0.0
22266,0.0
22274,0.0
22275,0.0
22276,0.0
22283,1.0
22285,0.0
22294,1.0
22296,0.0
22299,0.0
22301,0.0
22302,0.0
22315,0.0
22317,0.0
22323,0.0
22325,0.0
22328,0.0
22337,0.0
22343,0.0
22345,0.0
22346,0.0
22352,1.0
22360,0.0
22362,1.0
22369,0.0
22374,1.0
22395,0.0
22397,0.0
22418,0.0
22423,0.0
22425,0.0
22426,0.0
22441,0.0
22443,0.0
22446,0.0
22452,0.0
22462,1.0
22482,0.0
22488,0.0
22490,0.0
22494,0.0
22511,0.0
22525,0.0
22526,0.0
22531,0.0
22538,0.0
22539,1.0
22555,0.0
22556,0.0
22558,0.0
22571,0.0
22586,0.0
22589,0.0
22594,0.0
22599,0.0
22606,0.0
22638,0.0
22650,0.0
22655,0.0
22658,0.0
22661,0.0
22667,0.0
22671,0.0
22673,0.0
22676,0.0
22677,0.0
22678,0.0
22685,0.0
22692,0.0
22701,0.0
22703,0.0
22704,0.0
22710,0.0
22716,0.0
22726,0.0
22728,0.0
22731,0.0
22748,0.0
22757,0.0
22759,1.0
22765,0.0
22772,0.0
22773,0.0
22781,0.0
22783,0.0
22784,0.0
22791,0.0
22796,0.0
22801,0.0
22803,0.0
22805,0.0
22812,0.0
22828,0.0
22831,0.0
22837,0.0
22851,0.0
22859,0.0
22868,0.0
22874,0.0
22876,0.0
22888,1.0
22889,0.0
22893,0.0
22897,1.0
22903,0.0
22911,0.0
22914,1.0
22929,1.0
22932,0.0
22933,0.0
22953,0.0
22957,0.0
22959,1.0
22963,1.0
22986,0.0
22992,1.0
23001,1.0
23003,0.0
23006,0.0
23019,0.0
23037,1.0
23045,0.0
23061,1.0
23066,1.0
23069,0.0
23076,1.0
23082,0.0
23085,0.0
23091,0.0
23092,0.0
23100,0.0
23108,0.0
23109,0.0
23112,1.0
23119,0.0
23123,0.0
23125,1.0
23127,0.0
23128,0.0
23130,0.0
23155,0.0
23186,0.0
23187,0.0
23191,1.0
23195,0.0
23197,0.0
23203,0.0
23212,0.0
23224,0.0
23229,1.0
23235,1.0
23242,0.0
23246,0.0
23247,1.0
23248,1.0
23256,0.0
23262,0.0
23265,0.0
23266,1.0
23267,1.0
23269,1.0
23274,1.0
23276,1.0
23277,0.0
23280,0.0
23287,1.0
23291,0.0
23293,1.0
23294,0.0
23303,0.0
23310,1.0
23311,1.0
23313,0.0
23324,1.0
23328,0.0
23332,0.0
23333,0.0
23334,1.0
23356,0.0
23369,0.0
23370,0.0
23371,1.0
23378,0.0
23379,0.0
23380,1.0
23392,0.0
23394,1.0
23410,1.0
23413,0.0
23429,0.0
23430,0.0
23431,0.0
23458,0.0
23460,0.0
23461,0.0
23462,0.0
23466,1.0
23468,0.0
23473,0.0
23474,1.0
23480,0.0
23488,0.0
23493,1.0
23500,0.0
23504,1.0
23529,0.0
23541,0.0
23542,1.0
23547,0.0
23548,0.0
23550,1.0
23558,0.0
23560,0.0
23562,0.0
23565,0.0
23567,1.0
23570,0.0
23571,0.0
23573,0.0
23577,0.0
23584,0.0
23588,1.0
23590,1.0
23591,0.0
23594,1.0
23598,0.0
23599,0.0
23608,1.0
23616,0.0
23627,0.0
23631,0.0
23642,0.0
23644,0.0
23645,0.0
23650,1.0
23652,0.0
23657,0.0
23661,0.0
23667,0.0
23675,0.0
23676,0.0
23689,0.0
23693,0.0
23723,0.0
23725,0.0
23740,0.0
23742,0.0
23747,0.0
23748,0.0
23751,1.0
23759,0.0
23764,0.0
23765,0.0
23785,0.0
23788,1.0
23824,0.0
23825,0.0
23827,0.0
23832,0.0
23838,0.0
23851,0.0
23862,0.0
23877,0.0
23881,0.0
23884,1.0
23890,1.0
23896,1.0
23920,0.0
23925,0.0
23933,1.0
23934,0.0
23939,0.0
23941,0.0
23943,1.0
23949,0.0
23961,0.0
23962,0.0
23972,0.0
23978,1.0
23979,0.0
23982,0.0
23983,0.0
23984,0.0
23990,0.0
23995,0.0
24002,0.0
24008,0.0
24020,0.0
24024,0.0
24043,0.0
24045,0.0
24048,0.0
24055,0.0
24057,1.0
24064,0.0
24068,1.0
24092,0.0
24093,1.0
24098,0.0
24103,1.0
24107,0.0
24110,1.0
24116,1.0
24119,0.0
24121,0.0
24124,1.0
24127,1.0
24141,0.0
24143,1.0
24158,0.0
24171,0.0
24174,0.0
24178,0.0
24179,0.0
24184,0.0
24185,0.0
24189,0.0
24196,1.0
24204,1.0
24206,1.0
24207,1.0
24208,1.0
24214,1.0
24232,1.0
24236,0.0
24250,0.0
24253,0.0
24255,0.0
24259,1.0
24270,1.0
24272,0.0
24291,0.0
24300,0.0
24301,0.0
24310,0.0
24315,0.0
24318,0.0
24324,0.0
24330,0.0
24331,0.0
24334,0.0
24338,0.0
24346,1.0
24352,0.0
24355,1.0
24356,1.0
24360,1.0
24366,1.0
24373,0.0
24374,0.0
24384,0.0
24396,0.0
24397,0.0
24404,0.0
24405,0.0
24414,0.0
24417,1.0
24423,0.0
24429,1.0
24435,1.0
24437,0.0
24438,0.0
24444,1.0
24446,0.0
24456,1.0
24458,0.0
24459,0.0
24465,0.0
24470,0.0
24479,0.0
24480,1.0
24482,0.0
24483,0.0
24496,0.0
24497,1.0
24500,0.0
24509,0.0
24510,0.0
24516,0.0
24528,0.0
24531,0.0
24547,0.0
24554,1.0
24555,0.0
24563,0.0
24566,0.0
24576,0.0
24583,0.0
24587,0.0
24589,0.0
24601,1.0
24604,0.0
24614,0.0
24621,0.0
24623,1.0
24632,0.0
24643,0.0
24654,0.0
24668,1.0
24675,0.0
24676,0.0
24677,0.0
24683,1.0
24688,1.0
24693,0.0
24694,0.0
24704,1.0
24706,0.0
24714,0.0
24719,0.0
24729,1.0
24733,0.0
24742,1.0
24746,0.0
24748,1.0
24750,0.0
24751,0.0
24758,1.0
24772,0.0
24781,0.0
24801,0.0
24802,1.0
24811,0.0
24818,0.0
24837,1.0
24838,1.0
24843,0.0
24849,0.0
24853,1.0
24859,0.0
24862,1.0
24869,0.0
24873,0.0
24882,0.0
24883,1.0
24886,0.0
24891,0.0
24895,0.0
24898,0.0
24907,1.0
24911,0.0
24914,0.0
24927,1.0
24928,0.0
24934,0.0
24936,0.0
24938,1.0
24939,0.0
24944,0.0
24954,0.0
24958,0.0
24967,0.0
24970,0.0
24981,0.0
24983,1.0
24985,0.0
24988,0.0
24994,0.0
24999,0.0
25012,1.0
25019,0.0
25021,1.0
25029,0.0
25039,0.0
25046,0.0
25047,0.0
25051,1.0
25052,0.0
25058,0.0
25062,0.0
25065,0.0
25066,0.0
25074,0.0
25080,0.0
25084,1.0
25086,0.0
25087,1.0
25088,0.0
25092,0.0
25099,0.0
25101,1.0
25108,1.0
25123,0.0
25126,0.0
25132,0.0
25143,1.0
25154,0.0
25161,0.0
25163,1.0
25174,0.0
25183,0.0
25184,0.0
25186,0.0
25188,1.0
25190,0.0
25196,0.0
25205,0.0
25209,0.0
25211,0.0
25214,0.0
25217,1.0
25220,0.0
25228,0.0
25229,0.0
25235,0.0
25236,1.0
25244,0.0
25248,0.0
25249,0.0
25253,0.0
25262,1.0
25267,0.0
25268,1.0
25269,0.0
25283,1.0
25289,0.0
25290,1.0
25293,0.0
25300,1.0
25302,0.0
25305,0.0
25307,0.0
25308,0.0
25314,1.0
25327,0.0
25329,0.0
25331,0.0
25338,0.0
25342,1.0
25345,0.0
25348,0.0
25350,0.0
25358,0.0
25360,0.0
25363,1.0
25381,0.0
25385,1.0
25402,0.0
25403,0.0
25406,0.0
25417,0.0
25429,0.0
25432,0.0
25459,0.0
25462,1.0
25463,0.0
25475,0.0
25481,0.0
25487,0.0
25492,1.0
25497,1.0
25507,0.0
25508,0.0
25510,0.0
25514,0.0
25520,1.0
25545,0.0
25567,0.0
25569,1.0
25575,0.0
25585,0.0
25594,0.0
25599,0.0
25601,1.0
25609,0.0
25631,0.0
25632,0.0
25645,0.0
25647,0.0
25653,0.0
25667,0.0
25670,0.0
25675,1.0
25683,1.0
25692,0.0
25698,0.0
25704,0.0
25709,0.0
25722,0.0
25728,1.0
25743,0.0
25750,0.0
25751,0.0
25760,0.0
25772,0.0
25776,0.0
25778,1.0
25782,0.0
25786,0.0
25788,0.0
25800,1.0
25806,0.0
25808,1.0
25812,1.0
25821,0.0
25822,0.0
25823,0.0
25828,0.0
25829,0.0
25836,1.0
25837,1.0
25842,0.0
25843,0.0
25854,1.0
25858,0.0
25859,1.0
25860,0.0
25874,1.0
25875,0.0
25884,0.0
25887,1.0
25892,0.0
25900,0.0
25904,0.0
25920,0.0
25924,0.0
25925,1.0
25937,0.0
25956,0.0
25967,0.0
25970,1.0
25975,0.0
25978,0.0
25979,0.0
25983,0.0
25987,0.0
25988,0.0
25991,0.0
26002,0.0
26003,0.0
26045,0.0
26055,0.0
26066,0.0
26076,0.0
26078,0.0
26087,0.0
26090,0.0
26095,0.0
26103,0.0
26111,0.0
26120,0.0
26125,1.0
26129,0.0
26130,1.0
26143,0.0
26145,0.0
26146,0.0
26151,0.0
26152,0.0
26187,0.0
26188,0.0
26197,0.0
26198,0.0
26199,0.0
26210,1.0
26214,0.0
26217,0.0
26225,0.0
26228,0.0
26231,1.0
26233,0.0
26238,0.0
26239,0.0
26266,0.0
26268,1.0
26274,0.0
26275,0.0
26287,0.0
26288,1.0
26289,0.0
26290,0.0
26294,0.0
26301,0.0
26303,0.0
26304,1.0
26310,0.0
26317,0.0
26326,0.0
26344,0.0
26353,0.0
26354,0.0
26368,0.0
26369,0.0
26373,0.0
26374,1.0
26375,0.0
26380,0.0
26388,0.0
26396,0.0
26398,1.0
26407,1.0
26408,0.0
26413,1.0
26418,1.0
26435,0.0
26438,0.0
26439,0.0
26450,1.0
26456,1.0
26460,0.0
26464,1.0
26466,1.0
26468,0.0
26469,0.0
26477,0.0
26491,1.0
26507,1.0
26514,0.0
26516,0.0
26526,0.0
26537,0.0
26541,0.0
26548,0.0
26549,0.0
26565,0.0
26567,1.0
26570,0.0
26572,1.0
26577,1.0
26579,0.0
26581,0.0
26589,1.0
26592,0.0
26594,0.0
26598,0.0
26599,1.0
26600,1.0
26603,0.0
26609,1.0
26611,0.0
26619,0.0
26620,0.0
26624,0.0
26626,1.0
26634,1.0
26638,0.0
26640,0.0
26644,1.0
26652,1.0
26657,1.0
26668,0.0
26674,0.0
26694,0.0
26701,1.0
26707,0.0
26717,1.0
26718,0.0
26719,0.0
26725,0.0
26731,1.0
26734,0.0
26738,0.0
26744,1.0
26746,0.0
26753,1.0
26757,0.0
26762,0.0
26766,0.0
26781,0.0
26797,0.0
26808,1.0
26821,0.0
26822,1.0
26828,1.0
26831,0.0
26832,1.0
26867,0.0
26874,0.0
26888,0.0
26890,0.0
26896,1.0
26900,0.0
26901,0.0
26902,0.0
26909,0.0
26917,0.0
26925,1.0
26939,1.0
26940,1.0
26941,0.0
26946,0.0
26969,0.0
26989,0.0
27010,0.0
27014,0.0
27029,1.0
27043,0.0
27046,0.0
27048,1.0
27052,0.0
27062,1.0
27069,1.0
27080,0.0
27087,0.0
27088,0.0
27089,0.0
27090,0.0
27106,0.0
27107,0.0
27117,1.0
27122,0.0
27185,0.0
27186,0.0
27191,1.0
27198,0.0
27209,0.0
27210,0.0
27213,0.0
27227,0.0
27244,0.0
27260,0.0
27271,0.0
27272,0.0
27284,0.0
27289,0.0
27292,0.0
27297,0.0
27303,0.0
27315,0.0
27317,0.0
27323,0.0
27329,0.0
27340,0.0
27351,1.0
27355,0.0
27366,0.0
27371,1.0
27393,0.0
27402,0.0
27408,0.0
27411,1.0
27414,0.0
27422,0.0
27427,0.0
27430,0.0
27433,0.0
27449,0.0
27453,0.0
27458,0.0
27460,0.0
27467,1.0
27469,0.0
27473,0.0
27477,1.0
27492,0.0
27493,0.0
27497,0.0
27499,0.0
27500,0.0
27502,0.0
27516,1.0
27533,0.0
27537,0.0
27542,0.0
27543,1.0
27549,0.0
27567,0.0
27570,1.0
27573,0.0
27575,0.0
27580,0.0
27586,0.0
27588,0.0
27590,0.0
27595,0.0
27599,0.0
27606,1.0
27618,0.0
27622,0.0
27623,0.0
27627,0.0
27632,0.0
27634,0.0
27635,1.0
27657,0.0
27659,0.0
27660,0.0
27674,0.0
27682,1.0
27689,0.0
27690,0.0
27694,0.0
27700,0.0
27715,0.0
27716,1.0
27717,0.0
27723,0.0
27724,0.0
27725,0.0
27737,1.0
27757,1.0
27758,1.0
27759,0.0
27766,0.0
27768,0.0
27801,0.0
27802,0.0
27803,0.0
27804,0.0
27813,0.0
27820,0.0
27825,0.0
27830,0.0
27833,0.0
27835,0.0
27838,0.0
27843,0.0
27848,0.0
27851,0.0
27852,0.0
27853,0.0
27859,0.0
27860,0.0
27867,1.0
27871,0.0
27874,0.0
27875,0.0
27888,0.0
27890,0.0
27891,0.0
27896,0.0
27898,0.0
27905,0.0
27909,0.0
27911,0.0
27913,0.0
27926,0.0
27930,0.0
27931,0.0
27946,1.0
27948,1.0
27950,0.0
27973,0.0
27982,1.0
27986,0.0
27987,1.0
27989,1.0
27996,0.0
27997,1.0
28010,0.0
28015,0.0
28022,0.0
28023,0.0
28024,0.0
28025,0.0
28030,1.0
28046,0.0
28058,0.0
28066,1.0
28069,0.0
28072,1.0
28074,0.0
28078,0.0
28097,0.0
28117,0.0
28118,1.0
28121,0.0
28135,1.0
28151,1.0
28163,0.0
28168,1.0
28174,0.0
28180,0.0
28186,1.0
28197,0.0
28199,0.0
28200,0.0
28230,1.0
28238,1.0
28244,0.0
28251,1.0
28257,0.0
28269,0.0
28283,0.0
28287,0.0
28305,0.0
28310,0.0
28313,0.0
28320,0.0
28321,0.0
28323,0.0
28325,1.0
28331,0.0
28340,1.0
28343,0.0
28351,1.0
28353,0.0
28357,0.0
28360,0.0
28364,0.0
28365,0.0
28367,0.0
28370,0.0
28372,0.0
28376,0.0
28382,0.0
28396,0.0
28400,1.0
28402,0.0
28404,0.0
28418,0.0
28427,0.0
28437,1.0
28444,1.0
28446,0.0
28450,0.0
28467,0.0
28469,0.0
28472,0.0
28474,0.0
28481,0.0
28484,0.0
28493,0.0
28502,0.0
28507,0.0
28508,0.0
28515,0.0
28517,0.0
28520,0.0
28532,1.0
28536,0.0
28537,0.0
28544,0.0
28557,0.0
28567,1.0
28569,0.0
28572,0.0
28577,0.0
28581,0.0
28591,0.0
28592,1.0
28593,1.0
28594,1.0
28599,0.0
28603,0.0
28605,0.0
28611,0.0
28620,0.0
28622,0.0
28626,0.0
28627,0.0
28628,0.0
28637,0.0
28652,0.0
28653,0.0
28662,1.0
28666,0.0
28671,0.0
28675,1.0
28678,0.0
28679,0.0
28691,1.0
28695,0.0
28702,0.0
28710,0.0
28721,0.0
28736,0.0
28743,0.0
28744,0.0
28754,0.0
28761,1.0
28762,0.0
28776,0.0
28780,0.0
28784,1.0
28787,1.0
28789,0.0
28795,0.0
28798,1.0
28801,1.0
28808,1.0
28811,0.0
28820,0.0
28826,1.0
28837,0.0
28839,0.0
28853,0.0
28855,0.0
28856,0.0
28857,0.0
28862,0.0
28867,1.0
28877,0.0
28888,0.0
28896,1.0
28898,0.0
28908,0.0
28911,0.0
28917,0.0
28921,0.0
28926,0.0
28933,0.0
28940,0.0
28941,1.0
28946,0.0
28948,0.0
28953,0.0
28960,1.0
28962,0.0
28964,0.0
28969,1.0
28970,0.0
28972,0.0
28976,0.0
28981,0.0
28996,0.0
28997,0.0
29014,0.0
29015,0.0
29028,0.0
29035,1.0
29044,0.0
29047,0.0
29054,1.0
29058,0.0
29065,1.0
29067,0.0
29072,0.0
29075,0.0
29089,0.0
29095,0.0
29096,0.0
29117,1.0
29122,1.0
29130,0.0
29134,0.0
29135,0.0
29136,0.0
29138,0.0
29141,0.0
29143,1.0
29144,0.0
29145,0.0
29149,0.0
29151,0.0
29154,1.0
29157,0.0
29166,0.0
29169,0.0
29171,0.0
29175,1.0
29187,0.0
29195,0.0
29196,0.0
29197,0.0
29203,0.0
29216,0.0
29217,0.0
29219,0.0
29225,0.0
29229,1.0
29238,0.0
29242,0.0
29244,0.0
29272,0.0
29284,0.0
29297,0.0
29312,0.0
29316,0.0
29318,0.0
29319,0.0
29321,0.0
29324,0.0
29326,0.0
29328,0.0
29334,0.0
29339,0.0
29346,0.0
29350,0.0
29359,0.0
29360,0.0
29365,0.0
29369,0.0
29372,0.0
29376,0.0
29381,1.0
29386,0.0
29388,1.0
29389,1.0
29391,0.0
29394,0.0
29396,1.0
29402,0.0
29404,1.0
29431,0.0
29435,0.0
29437,0.0
29454,0.0
29457,0.0
29459,0.0
29467,0.0
29475,0.0
29483,0.0
29491,1.0
29493,0.0
29503,0.0
29506,0.0
29509,0.0
29518,0.0
29537,0.0
29546,0.0
29547,0.0
29552,0.0
29553,0.0
29565,0.0
29578,0.0
29587,0.0
29593,0.0
29594,0.0
29597,0.0
29605,0.0
29606,0.0
29611,1.0
29618,0.0
29619,0.0
29633,0.0
29634,0.0
29640,0.0
29646,0.0
29660,0.0
29667,0.0
29670,0.0
29675,0.0
29676,0.0
29677,0.0
29679,0.0
29685,0.0
29693,0.0
29698,0.0
29701,1.0
29704,0.0
29709,0.0
29713,0.0
29719,0.0
29725,0.0
29728,0.0
29732,1.0
29733,0.0
29736,0.0
29745,0.0
29750,0.0
29765,0.0
29784,1.0
29785,0.0
29796,0.0
29802,0.0
29808,0.0
29817,0.0
29818,0.0
29820,0.0
29821,0.0
29826,0.0
29827,0.0
29831,0.0
29841,1.0
29852,0.0
29862,0.0
29866,0.0
29869,0.0
29870,0.0
29873,0.0
29875,0.0
29882,0.0
29883,0.0
29886,0.0
29896,0.0
29906,0.0
29911,0.0
29921,1.0
29927,0.0
29934,0.0
29941,0.0
29943,0.0
29946,1.0
29948,0.0
29955,0.0
29956,0.0
29958,0.0
29959,0.0
29965,0.0
29966,0.0
29969,0.0
29972,0.0
29992,0.0
29994,0.0
30000,0.0
30003,0.0
30010,0.0
30011,1.0
30014,0.0
30016,1.0
30022,0.0
30026,1.0
30027,1.0
30028,0.0
30030,0.0
30036,0.0
30052,0.0
30053,0.0
30072,0.0
30073,0.0
30075,0.0
30078,0.0
30089,1.0
30090,0.0
30116,1.0
30123,0.0
30127,0.0
30129,0.0
30133,0.0
30145,0.0
30147,1.0
30150,0.0
30152,0.0
30164,0.0
30166,1.0
30175,0.0
30180,0.0
30187,0.0
30197,0.0
30198,0.0
30218,0.0
30230,0.0
30240,1.0
30245,0.0
30247,1.0
30253,0.0
30256,0.0
30260,0.0
30264,1.0
30267,0.0
30268,0.0
30279,0.0
30280,0.0
30283,0.0
30290,0.0
30305,0.0
30312,0.0
30316,0.0
30333,0.0
30340,0.0
30341,1.0
30344,0.0
30346,0.0
30348,0.0
30366,1.0
30373,0.0
30383,0.0
30385,0.0
30398,0.0
30409,0.0
30417,0.0
30427,1.0
30433,0.0
30435,0.0
30439,0.0
30449,0.0
30465,1.0
30472,1.0
30473,0.0
30474,0.0
30500,0.0
30504,0.0
30505,1.0
30509,0.0
30514,0.0
30523,0.0
30527,0.0
30530,0.0
30532,0.0
30537,0.0
30545,0.0
30548,0.0
30554,0.0
30558,0.0
30559,0.0
30564,0.0
30566,0.0
30571,0.0
30574,0.0
30575,0.0
30579,0.0
30598,1.0
30600,0.0
30613,0.0
30627,0.0
30628,0.0
30630,0.0
30648,0.0
30652,0.0
30654,0.0
30655,0.0
30658,0.0
30659,1.0
30663,0.0
30664,0.0
30668,0.0
30672,1.0
30675,0.0
30680,1.0
30693,0.0
